{
  "firstLayout": "start scene",
  "gdVersion": {
    "build": 99,
    "major": 4,
    "minor": 0,
    "revision": 0
  },
  "properties": {
    "adaptGameResolutionAtRuntime": true,
    "antialiasingMode": "MSAA",
    "antialisingEnabledOnMobile": false,
    "folderProject": true,
    "orientation": "landscape",
    "packageName": "com.example.gamename",
    "pixelsRounding": false,
    "projectUuid": "2d06d2d5-fdf5-447c-baac-443c9f086b3a",
    "scaleMode": "linear",
    "sizeOnStartupMode": "adaptWidth",
    "templateSlug": "",
    "useExternalSourceFiles": false,
    "version": "1.0.0",
    "name": "Graphical Game",
    "description": "Sweep up all of the trash and put them into the garbage can. Use the arrow keys to move!",
    "author": "",
    "windowWidth": 1280,
    "windowHeight": 720,
    "latestCompilationDirectory": "",
    "maxFPS": 60,
    "minFPS": 20,
    "verticalSync": false,
    "platformSpecificAssets": {},
    "loadingScreen": {
      "backgroundColor": 0,
      "backgroundFadeInDuration": 0.2,
      "backgroundImageResourceName": "",
      "gdevelopLogoStyle": "light",
      "logoAndProgressFadeInDuration": 0.2,
      "logoAndProgressLogoFadeInDelay": 0.2,
      "minDuration": 1.5,
      "progressBarColor": 16777215,
      "progressBarHeight": 20,
      "progressBarMaxWidth": 200,
      "progressBarMinWidth": 40,
      "progressBarWidthPercent": 30,
      "showGDevelopSplash": true,
      "showProgressBar": true
    },
    "watermark": {
      "placement": "bottom-left",
      "showWatermark": true
    },
    "authorIds": [],
    "authorUsernames": [],
    "categories": [],
    "playableDevices": [],
    "extensionProperties": [],
    "platforms": [
      {
        "name": "GDevelop JS platform"
      }
    ],
    "currentPlatform": "GDevelop JS platform"
  },
  "resources": {
    "resources": [
      {
        "alwaysLoaded": false,
        "file": "assets/Ranger_Idle 1_1.png",
        "kind": "image",
        "metadata": "",
        "name": "626c7c40a891e1937060e1f67eeef95ebddff810a5d54838945eeae36e305837_Ranger_Idle 1_1.png",
        "smoothed": true,
        "userAdded": false,
        "origin": {
          "identifier": "https://asset-resources.gdevelop.io/public-resources/Brawler Series/NES/626c7c40a891e1937060e1f67eeef95ebddff810a5d54838945eeae36e305837_Ranger_Idle 1_1.png",
          "name": "gdevelop-asset-store"
        }
      },
      {
        "alwaysLoaded": false,
        "file": "assets/Ranger_Idle 1_2.png",
        "kind": "image",
        "metadata": "",
        "name": "b7b692ac5645eb15dfebf0c16c84a649ffa261b21b25ce2f4b8b721411f029f3_Ranger_Idle 1_2.png",
        "smoothed": true,
        "userAdded": true,
        "origin": {
          "identifier": "https://asset-resources.gdevelop.io/public-resources/Brawler Series/NES/b7b692ac5645eb15dfebf0c16c84a649ffa261b21b25ce2f4b8b721411f029f3_Ranger_Idle 1_2.png",
          "name": "gdevelop-asset-store"
        }
      },
      {
        "alwaysLoaded": false,
        "file": "assets/NewSprite.png",
        "kind": "image",
        "metadata": "{\"extension\":\".png\",\"localFilePath\":\"assets/NewSprite.png\"}",
        "name": "NewSprite",
        "smoothed": true,
        "userAdded": false
      },
      {
        "alwaysLoaded": false,
        "file": "assets/Delivery Truck.png",
        "kind": "image",
        "metadata": "",
        "name": "2a86f0380e1211abe1576f08708f42300085767fcc87d365d41a407d814688d9_Delivery Truck.png",
        "smoothed": true,
        "userAdded": true,
        "origin": {
          "identifier": "https://asset-resources.gdevelop.io/public-resources/Pixel Vehicle Pack/Vehicles/Truck/2a86f0380e1211abe1576f08708f42300085767fcc87d365d41a407d814688d9_Delivery Truck.png",
          "name": "gdevelop-asset-store"
        }
      },
      {
        "alwaysLoaded": false,
        "file": "assets/9patch_Wood Hud_north.png",
        "kind": "image",
        "metadata": "",
        "name": "464f0b9985a2527b9567f4d0da11ee0360672c19664de0367c0f67c9f43743db_9patch_Wood Hud_north.png",
        "smoothed": true,
        "userAdded": true,
        "origin": {
          "identifier": "https://asset-resources.gdevelop.io/public-resources/Western FPS 2D/Hud/464f0b9985a2527b9567f4d0da11ee0360672c19664de0367c0f67c9f43743db_9patch_Wood Hud_north.png",
          "name": "gdevelop-asset-store"
        }
      },
      {
        "alwaysLoaded": false,
        "file": "assets/Icon Background_Dark Wood.png",
        "kind": "image",
        "metadata": "",
        "name": "74288ffdafa8785eae1d2f9aea454acea55352176be25ffc927d5d6eee31972f_Icon Background_Dark Wood.png",
        "smoothed": true,
        "userAdded": false,
        "origin": {
          "identifier": "https://asset-resources.gdevelop.io/public-resources/32x32 Fantasy Icons Pack v2/Icon Background/74288ffdafa8785eae1d2f9aea454acea55352176be25ffc927d5d6eee31972f_Icon Background_Dark Wood.png",
          "name": "gdevelop-asset-store"
        }
      },
      {
        "alwaysLoaded": false,
        "file": "assets/NewSprite2.png",
        "kind": "image",
        "metadata": "{\"extension\":\".png\",\"localFilePath\":\"assets/NewSprite2.png\"}",
        "name": "NewSprite2",
        "smoothed": true,
        "userAdded": true
      },
      {
        "alwaysLoaded": false,
        "file": "assets/lit cigarette.png",
        "kind": "image",
        "metadata": "{\"extension\":\".png\",\"localFilePath\":\"assets/lit cigarette.png\"}",
        "name": "lit cigarette",
        "smoothed": true,
        "userAdded": true
      },
      {
        "alwaysLoaded": false,
        "file": "assets/lit cigarette2.png",
        "kind": "image",
        "metadata": "{\"extension\":\".png\"}",
        "name": "lit cigarette2",
        "smoothed": true,
        "userAdded": true
      },
      {
        "file": "assets/Charm-Regular.ttf",
        "kind": "font",
        "metadata": "",
        "name": "668523d3d2bb73faa358e1ebafa55f43d2760f8abbe99aa15476121c1bcc7eb6_Charm-Regular.ttf",
        "userAdded": true,
        "origin": {
          "identifier": "https://asset-resources.gdevelop.io/public-resources/Menu buttons/668523d3d2bb73faa358e1ebafa55f43d2760f8abbe99aa15476121c1bcc7eb6_Charm-Regular.ttf",
          "name": "gdevelop-asset-store"
        }
      },
      {
        "file": "assets/Ranchers-Regular.ttf",
        "kind": "font",
        "metadata": "",
        "name": "566a014b24b13d8f73118f13a7105778225c22c95127a8f1d5c3e996ff0768de_Ranchers-Regular.ttf",
        "userAdded": false,
        "origin": {
          "identifier": "https://asset-resources.gdevelop.io/public-resources/Open Font License/566a014b24b13d8f73118f13a7105778225c22c95127a8f1d5c3e996ff0768de_Ranchers-Regular.ttf",
          "name": "gdevelop-asset-store"
        }
      },
      {
        "file": "digital-7.ttf",
        "kind": "font",
        "metadata": "",
        "name": "digital-7.ttf",
        "userAdded": false
      },
      {
        "alwaysLoaded": false,
        "file": "assets/Green block.png",
        "kind": "image",
        "metadata": "",
        "name": "df8aa9b299a66dc8a7d5fdad2201e921b89609bcf3f2934c6f48f969155bbe4d_Green block.png",
        "smoothed": true,
        "userAdded": false,
        "origin": {
          "identifier": "https://asset-resources.gdevelop.io/public-resources/Industrial Platformer Pack (110 assets)/PNG/Retina/df8aa9b299a66dc8a7d5fdad2201e921b89609bcf3f2934c6f48f969155bbe4d_Green block.png",
          "name": "gdevelop-asset-store"
        }
      },
      {
        "alwaysLoaded": false,
        "file": "assets/burnt cigarette.png",
        "kind": "image",
        "metadata": "{\"extension\":\".png\",\"localFilePath\":\"assets/burnt cigarette.png\"}",
        "name": "burnt cigarette",
        "smoothed": true,
        "userAdded": true
      },
      {
        "alwaysLoaded": false,
        "file": "assets/burnt.png",
        "kind": "image",
        "metadata": "{\"extension\":\".png\",\"localFilePath\":\"assets/burnt.png\"}",
        "name": "burnt",
        "smoothed": true,
        "userAdded": false
      },
      {
        "alwaysLoaded": false,
        "file": "assets/NewSprite3.png",
        "kind": "image",
        "metadata": "{\"extension\":\".png\",\"localFilePath\":\"assets/NewSprite3.png\"}",
        "name": "NewSprite3",
        "smoothed": true,
        "userAdded": true
      },
      {
        "alwaysLoaded": false,
        "file": "assets/NewSprite4.png",
        "kind": "image",
        "metadata": "{\"extension\":\".png\",\"localFilePath\":\"assets/NewSprite4.png\"}",
        "name": "NewSprite4",
        "smoothed": true,
        "userAdded": true
      },
      {
        "alwaysLoaded": false,
        "file": "assets/half full.png",
        "kind": "image",
        "metadata": "{\"extension\":\".png\"}",
        "name": "half full",
        "smoothed": true,
        "userAdded": true
      },
      {
        "alwaysLoaded": false,
        "file": "assets/half full2.png",
        "kind": "image",
        "metadata": "{\"extension\":\".png\"}",
        "name": "half full2",
        "smoothed": true,
        "userAdded": true
      },
      {
        "alwaysLoaded": false,
        "file": "assets/half full3.png",
        "kind": "image",
        "metadata": "{\"extension\":\".png\"}",
        "name": "half full3",
        "smoothed": true,
        "userAdded": true
      },
      {
        "alwaysLoaded": false,
        "file": "assets/full.png",
        "kind": "image",
        "metadata": "{\"extension\":\".png\",\"localFilePath\":\"assets/full.png\"}",
        "name": "full",
        "smoothed": true,
        "userAdded": true
      },
      {
        "alwaysLoaded": false,
        "file": "assets/full2.png",
        "kind": "image",
        "metadata": "{\"extension\":\".png\"}",
        "name": "full2",
        "smoothed": true,
        "userAdded": true
      },
      {
        "alwaysLoaded": false,
        "file": "assets/idle.png",
        "kind": "image",
        "metadata": "{\"extension\":\".png\",\"localFilePath\":\"assets/idle.png\"}",
        "name": "idle",
        "smoothed": true,
        "userAdded": true
      },
      {
        "file": "assets/BerkshireSwash-Regular.ttf",
        "kind": "font",
        "metadata": "",
        "name": "68a5dc0db819d176c1744185164579a9b7c4231b6386d9e1e0966e520f850fcc_BerkshireSwash-Regular.ttf",
        "userAdded": true,
        "origin": {
          "identifier": "https://asset-resources.gdevelop.io/public-resources/Open Font License/68a5dc0db819d176c1744185164579a9b7c4231b6386d9e1e0966e520f850fcc_BerkshireSwash-Regular.ttf",
          "name": "gdevelop-asset-store"
        }
      },
      {
        "alwaysLoaded": false,
        "file": "assets/idle2.png",
        "kind": "image",
        "metadata": "{\"extension\":\".png\"}",
        "name": "idle2",
        "smoothed": true,
        "userAdded": false
      },
      {
        "alwaysLoaded": false,
        "file": "assets/NewSprite5.png",
        "kind": "image",
        "metadata": "{\"extension\":\".png\"}",
        "name": "NewSprite5",
        "smoothed": true,
        "userAdded": false
      },
      {
        "alwaysLoaded": false,
        "file": "assets/NewSprite6.png",
        "kind": "image",
        "metadata": "{\"extension\":\".png\"}",
        "name": "NewSprite6",
        "smoothed": true,
        "userAdded": false
      },
      {
        "alwaysLoaded": false,
        "file": "assets/character.png",
        "kind": "image",
        "metadata": "{\"extension\":\".png\",\"localFilePath\":\"assets/character.png\"}",
        "name": "character",
        "smoothed": true,
        "userAdded": false
      },
      {
        "alwaysLoaded": false,
        "file": "assets/New image.png",
        "kind": "image",
        "metadata": "{\"extension\":\".png\",\"pskl\":{},\"localFilePath\":\"assets/New image.png\"}",
        "name": "New image",
        "smoothed": true,
        "userAdded": true
      },
      {
        "alwaysLoaded": false,
        "file": "assets/Icon Background_Wood.png",
        "kind": "image",
        "metadata": "{\"localFilePath\":\"assets/Icon Background_Wood.png\",\"extension\":\".png\",\"pskl\":{}}",
        "name": "70d79b102342faacf75e05d9e47d317522e070b5d55b0be8ccf90ee3ff5e09b4_Icon Background_Wood.png",
        "smoothed": true,
        "userAdded": true,
        "origin": {
          "identifier": "https://asset-resources.gdevelop.io/public-resources/32x32 Fantasy Icons Pack v2/Icon Background/70d79b102342faacf75e05d9e47d317522e070b5d55b0be8ccf90ee3ff5e09b4_Icon Background_Wood.png",
          "name": "gdevelop-asset-store"
        }
      },
      {
        "file": "assets/Sound 7.aac",
        "kind": "audio",
        "metadata": "",
        "name": "3816335cb845d8f0e43630964d049ace2507f39e08aec0bb89068eeaece2e7da_Sound 7.aac",
        "preloadAsMusic": false,
        "preloadAsSound": false,
        "preloadInCache": false,
        "userAdded": true,
        "origin": {
          "identifier": "https://asset-resources.gdevelop.io/public-resources/Space Shooter by Pixel boy/Sound/3816335cb845d8f0e43630964d049ace2507f39e08aec0bb89068eeaece2e7da_Sound 7.aac",
          "name": "gdevelop-asset-store"
        }
      },
      {
        "file": "assets/13 - under the hill and down the drain (remixed and fixed version).aac",
        "kind": "audio",
        "metadata": "",
        "name": "261339d844e74e9efe1ef03416ec2c5ca12cf61bea62d0b828d9112f6c12811b_13 - under the hill and down the drain (remixed and fixed version).aac",
        "preloadAsMusic": false,
        "preloadAsSound": false,
        "preloadInCache": false,
        "userAdded": true,
        "origin": {
          "identifier": "https://asset-resources.gdevelop.io/public-resources/Ragnar Random/Fakebit Chiptune Music/261339d844e74e9efe1ef03416ec2c5ca12cf61bea62d0b828d9112f6c12811b_13 - under the hill and down the drain (remixed and fixed version).aac",
          "name": "gdevelop-asset-store"
        }
      },
      {
        "file": "assets/Hit 3.aac",
        "kind": "audio",
        "metadata": "",
        "name": "088e0b9d13d953fab6044c64cde8aa941c06c904ccf7dc9fe5f6bc4f62fd558f_Hit 3.aac",
        "preloadAsMusic": false,
        "preloadAsSound": false,
        "preloadInCache": false,
        "userAdded": true,
        "origin": {
          "identifier": "https://asset-resources.gdevelop.io/public-resources/Arcade/Sound effects/Hit/088e0b9d13d953fab6044c64cde8aa941c06c904ccf7dc9fe5f6bc4f62fd558f_Hit 3.aac",
          "name": "gdevelop-asset-store"
        }
      },
      {
        "file": "assets/Coins 6.aac",
        "kind": "audio",
        "metadata": "{\"localFilePath\":\"assets/Coins 6.aac\",\"extension\":\".wav\",\"jfxr\":{\"data\":\"{\\\"_version\\\":1,\\\"_name\\\":\\\"Blip/select 6\\\",\\\"_locked\\\":[],\\\"sampleRate\\\":44100,\\\"attack\\\":0,\\\"sustain\\\":0.04,\\\"sustainPunch\\\":0,\\\"decay\\\":0,\\\"tremoloDepth\\\":0,\\\"tremoloFrequency\\\":2.723729511552045,\\\"frequency\\\":200,\\\"frequencySweep\\\":0,\\\"frequencyDeltaSweep\\\":0,\\\"repeatFrequency\\\":0,\\\"frequencyJump1Onset\\\":33,\\\"frequencyJump1Amount\\\":0,\\\"frequencyJump2Onset\\\":66,\\\"frequencyJump2Amount\\\":0,\\\"harmonics\\\":3,\\\"harmonicsFalloff\\\":0.84,\\\"waveform\\\":\\\"triangle\\\",\\\"interpolateNoise\\\":true,\\\"vibratoDepth\\\":0,\\\"vibratoFrequency\\\":10,\\\"squareDuty\\\":50,\\\"squareDutySweep\\\":0,\\\"flangerOffset\\\":0,\\\"flangerOffsetSweep\\\":0,\\\"bitCrush\\\":16,\\\"bitCrushSweep\\\":0,\\\"lowPassCutoff\\\":22050,\\\"lowPassCutoffSweep\\\":0,\\\"highPassCutoff\\\":0,\\\"highPassCutoffSweep\\\":0,\\\"compression\\\":1,\\\"normalization\\\":true,\\\"amplification\\\":100}\",\"name\":\"982e7b54cdd141371ad82b0ab7ce659f5b4b7ca6eb1f87c895d4da99d3f98ce2_Coins 6.aac\"}}",
        "name": "982e7b54cdd141371ad82b0ab7ce659f5b4b7ca6eb1f87c895d4da99d3f98ce2_Coins 6.aac",
        "preloadAsMusic": false,
        "preloadAsSound": false,
        "preloadInCache": false,
        "userAdded": true,
        "origin": {
          "identifier": "https://asset-resources.gdevelop.io/public-resources/Arcade/Sound effects/Coins/982e7b54cdd141371ad82b0ab7ce659f5b4b7ca6eb1f87c895d4da99d3f98ce2_Coins 6.aac",
          "name": "gdevelop-asset-store"
        }
      },
      {
        "file": "assets/New sound effect.wav",
        "kind": "audio",
        "metadata": "{\"extension\":\".wav\",\"jfxr\":{\"data\":\"{\\\"_version\\\":1,\\\"_name\\\":\\\"Pickup/coin 14\\\",\\\"_locked\\\":[],\\\"sampleRate\\\":44100,\\\"attack\\\":0,\\\"sustain\\\":0.04,\\\"sustainPunch\\\":0,\\\"decay\\\":0.09,\\\"tremoloDepth\\\":0,\\\"tremoloFrequency\\\":10,\\\"frequency\\\":190.21574743612985,\\\"frequencySweep\\\":0,\\\"frequencyDeltaSweep\\\":0,\\\"repeatFrequency\\\":0,\\\"frequencyJump1Onset\\\":15,\\\"frequencyJump1Amount\\\":80,\\\"frequencyJump2Onset\\\":66,\\\"frequencyJump2Amount\\\":0,\\\"harmonics\\\":0,\\\"harmonicsFalloff\\\":0.5,\\\"waveform\\\":\\\"sine\\\",\\\"interpolateNoise\\\":true,\\\"vibratoDepth\\\":0,\\\"vibratoFrequency\\\":10,\\\"squareDuty\\\":85,\\\"squareDutySweep\\\":-10,\\\"flangerOffset\\\":0,\\\"flangerOffsetSweep\\\":0,\\\"bitCrush\\\":16,\\\"bitCrushSweep\\\":0,\\\"lowPassCutoff\\\":22050,\\\"lowPassCutoffSweep\\\":0,\\\"highPassCutoff\\\":0,\\\"highPassCutoffSweep\\\":0,\\\"compression\\\":1,\\\"normalization\\\":true,\\\"amplification\\\":100}\",\"name\":\"New sound effect\"}}",
        "name": "New sound effect",
        "preloadAsMusic": false,
        "preloadAsSound": false,
        "preloadInCache": false,
        "userAdded": true
      },
      {
        "alwaysLoaded": false,
        "file": "assets/NewSprite7.png",
        "kind": "image",
        "metadata": "{\"extension\":\".png\",\"localFilePath\":\"assets/NewSprite7.png\"}",
        "name": "NewSprite7",
        "smoothed": true,
        "userAdded": true
      },
      {
        "alwaysLoaded": false,
        "file": "assets/half.png",
        "kind": "image",
        "metadata": "{\"extension\":\".png\",\"localFilePath\":\"assets/half.png\"}",
        "name": "half",
        "smoothed": true,
        "userAdded": true
      },
      {
        "alwaysLoaded": false,
        "file": "assets/full3.png",
        "kind": "image",
        "metadata": "{\"extension\":\".png\",\"localFilePath\":\"assets/full3.png\"}",
        "name": "full3",
        "smoothed": true,
        "userAdded": true
      },
      {
        "alwaysLoaded": false,
        "file": "assets/NewSprite8.png",
        "kind": "image",
        "metadata": "{\"extension\":\".png\"}",
        "name": "NewSprite8",
        "smoothed": true,
        "userAdded": true
      },
      {
        "alwaysLoaded": false,
        "file": "assets/NewSprite9.png",
        "kind": "image",
        "metadata": "{\"extension\":\".png\"}",
        "name": "NewSprite9",
        "smoothed": true,
        "userAdded": true
      },
      {
        "alwaysLoaded": false,
        "file": "assets/burn.png",
        "kind": "image",
        "metadata": "{\"extension\":\".png\"}",
        "name": "burn",
        "smoothed": true,
        "userAdded": true
      },
      {
        "alwaysLoaded": false,
        "file": "assets/burn2.png",
        "kind": "image",
        "metadata": "{\"extension\":\".png\"}",
        "name": "burn2",
        "smoothed": true,
        "userAdded": true
      },
      {
        "file": "assets/Explosion 6.aac",
        "kind": "audio",
        "metadata": "",
        "name": "20c1edc1dad3064721fc9a0621345e2b79198fae67e5a31cc9c3145b6654ba90_Explosion 6.aac",
        "preloadAsMusic": false,
        "preloadAsSound": false,
        "preloadInCache": false,
        "userAdded": true,
        "origin": {
          "identifier": "https://asset-resources.gdevelop.io/public-resources/Arcade/Sound effects/Explosions/20c1edc1dad3064721fc9a0621345e2b79198fae67e5a31cc9c3145b6654ba90_Explosion 6.aac",
          "name": "gdevelop-asset-store"
        }
      },
      {
        "file": "assets/MetalV1_Jump_Land_02.wav",
        "kind": "audio",
        "metadata": "{\"localFilePath\":\"assets/MetalV1_Jump_Land_02.wav\",\"extension\":\".wav\",\"jfxr\":{\"data\":\"{\\\"_version\\\":1,\\\"_name\\\":\\\"Random 7\\\",\\\"_locked\\\":[],\\\"sampleRate\\\":44100,\\\"attack\\\":0,\\\"sustain\\\":0.63,\\\"sustainPunch\\\":60,\\\"decay\\\":0.27,\\\"tremoloDepth\\\":84,\\\"tremoloFrequency\\\":916,\\\"frequency\\\":200,\\\"frequencySweep\\\":-5800,\\\"frequencyDeltaSweep\\\":7500,\\\"repeatFrequency\\\":26.3,\\\"frequencyJump1Onset\\\":33,\\\"frequencyJump1Amount\\\":0,\\\"frequencyJump2Onset\\\":66,\\\"frequencyJump2Amount\\\":0,\\\"harmonics\\\":0,\\\"harmonicsFalloff\\\":0.5,\\\"waveform\\\":\\\"sine\\\",\\\"interpolateNoise\\\":true,\\\"vibratoDepth\\\":120,\\\"vibratoFrequency\\\":779,\\\"squareDuty\\\":50,\\\"squareDutySweep\\\":0,\\\"flangerOffset\\\":6,\\\"flangerOffsetSweep\\\":0,\\\"bitCrush\\\":1,\\\"bitCrushSweep\\\":6,\\\"lowPassCutoff\\\":3100,\\\"lowPassCutoffSweep\\\":0,\\\"highPassCutoff\\\":0,\\\"highPassCutoffSweep\\\":6900,\\\"compression\\\":1,\\\"normalization\\\":true,\\\"amplification\\\":100}\",\"name\":\"3a3686aa1d68cd13704841e8d0a1924207f7558a6c7afcf53a45eb9c540bf2c2_MetalV1_Jump_Land_02.wav\"}}",
        "name": "3a3686aa1d68cd13704841e8d0a1924207f7558a6c7afcf53a45eb9c540bf2c2_MetalV1_Jump_Land_02.wav",
        "preloadAsMusic": false,
        "preloadAsSound": false,
        "preloadInCache": false,
        "userAdded": true,
        "origin": {
          "identifier": "https://asset-resources.gdevelop.io/public-resources/SoundEffects/Footsteps/Metal/Jump/3a3686aa1d68cd13704841e8d0a1924207f7558a6c7afcf53a45eb9c540bf2c2_MetalV1_Jump_Land_02.wav",
          "name": "gdevelop-asset-store"
        }
      },
      {
        "alwaysLoaded": false,
        "file": "assets/character2.png",
        "kind": "image",
        "metadata": "{\"extension\":\".png\"}",
        "name": "character2",
        "smoothed": true,
        "userAdded": false
      },
      {
        "alwaysLoaded": false,
        "file": "assets/NewSprite10.png",
        "kind": "image",
        "metadata": "{\"extension\":\".png\",\"localFilePath\":\"assets/NewSprite10.png\"}",
        "name": "NewSprite10",
        "smoothed": true,
        "userAdded": true
      },
      {
        "alwaysLoaded": false,
        "file": "assets/NewSprite11.png",
        "kind": "image",
        "metadata": "{\"extension\":\".png\",\"localFilePath\":\"assets/NewSprite11.png\"}",
        "name": "NewSprite11",
        "smoothed": true,
        "userAdded": false
      },
      {
        "alwaysLoaded": false,
        "file": "assets/NewSprite12.png",
        "kind": "image",
        "metadata": "{\"extension\":\".png\",\"localFilePath\":\"assets/NewSprite12.png\"}",
        "name": "NewSprite12",
        "smoothed": true,
        "userAdded": true
      },
      {
        "alwaysLoaded": false,
        "file": "assets/NewSprite13.png",
        "kind": "image",
        "metadata": "{\"extension\":\".png\"}",
        "name": "NewSprite13",
        "smoothed": true,
        "userAdded": true
      },
      {
        "alwaysLoaded": false,
        "file": "assets/NewSprite14.png",
        "kind": "image",
        "metadata": "{\"extension\":\".png\",\"localFilePath\":\"assets/NewSprite14.png\"}",
        "name": "NewSprite14",
        "smoothed": true,
        "userAdded": false
      },
      {
        "alwaysLoaded": false,
        "file": "assets/smoking.png",
        "kind": "image",
        "metadata": "{\"extension\":\".png\",\"localFilePath\":\"assets/smoking.png\"}",
        "name": "smoking",
        "smoothed": true,
        "userAdded": false
      },
      {
        "alwaysLoaded": false,
        "file": "assets/smoking2.png",
        "kind": "image",
        "metadata": "{\"extension\":\".png\",\"localFilePath\":\"assets/smoking2.png\"}",
        "name": "smoking2",
        "smoothed": true,
        "userAdded": true
      },
      {
        "alwaysLoaded": false,
        "file": "assets/smoking3.png",
        "kind": "image",
        "metadata": "{\"extension\":\".png\",\"localFilePath\":\"assets/smoking3.png\"}",
        "name": "smoking3",
        "smoothed": true,
        "userAdded": true
      },
      {
        "alwaysLoaded": false,
        "file": "assets/smoking4.png",
        "kind": "image",
        "metadata": "{\"extension\":\".png\",\"localFilePath\":\"assets/smoking4.png\"}",
        "name": "smoking4",
        "smoothed": true,
        "userAdded": true
      },
      {
        "alwaysLoaded": false,
        "file": "assets/NewSprite15.png",
        "kind": "image",
        "metadata": "{\"extension\":\".png\",\"localFilePath\":\"assets/NewSprite15.png\"}",
        "name": "NewSprite15",
        "smoothed": true,
        "userAdded": true
      },
      {
        "alwaysLoaded": false,
        "file": "assets/NewSprite16.png",
        "kind": "image",
        "metadata": "{\"extension\":\".png\"}",
        "name": "NewSprite16",
        "smoothed": true,
        "userAdded": true
      },
      {
        "alwaysLoaded": false,
        "file": "assets/scare.png",
        "kind": "image",
        "metadata": "{\"extension\":\".png\"}",
        "name": "scare",
        "smoothed": true,
        "userAdded": true
      },
      {
        "alwaysLoaded": false,
        "file": "assets/NewSprite17.png",
        "kind": "image",
        "metadata": "{\"extension\":\".png\"}",
        "name": "NewSprite17",
        "smoothed": true,
        "userAdded": true
      },
      {
        "alwaysLoaded": false,
        "file": "assets/NewSprite18.png",
        "kind": "image",
        "metadata": "{\"extension\":\".png\"}",
        "name": "NewSprite18",
        "smoothed": true,
        "userAdded": false
      },
      {
        "alwaysLoaded": false,
        "file": "assets/NewSprite19.png",
        "kind": "image",
        "metadata": "{\"extension\":\".png\",\"localFilePath\":\"assets/NewSprite19.png\"}",
        "name": "NewSprite19",
        "smoothed": true,
        "userAdded": false
      },
      {
        "alwaysLoaded": false,
        "file": "assets/NewSprite20.png",
        "kind": "image",
        "metadata": "{\"extension\":\".png\"}",
        "name": "NewSprite20",
        "smoothed": true,
        "userAdded": true
      },
      {
        "alwaysLoaded": false,
        "file": "assets/NewSprite21.png",
        "kind": "image",
        "metadata": "{\"extension\":\".png\"}",
        "name": "NewSprite21",
        "smoothed": true,
        "userAdded": true
      },
      {
        "alwaysLoaded": false,
        "file": "assets/NewSprite22.png",
        "kind": "image",
        "metadata": "{\"extension\":\".png\",\"localFilePath\":\"assets/NewSprite22.png\"}",
        "name": "NewSprite22",
        "smoothed": true,
        "userAdded": false
      },
      {
        "alwaysLoaded": false,
        "file": "assets/NewSprite23.png",
        "kind": "image",
        "metadata": "{\"extension\":\".png\"}",
        "name": "NewSprite23",
        "smoothed": true,
        "userAdded": false
      },
      {
        "alwaysLoaded": false,
        "file": "assets/NewSprite24.png",
        "kind": "image",
        "metadata": "{\"extension\":\".png\"}",
        "name": "NewSprite24",
        "smoothed": true,
        "userAdded": false
      },
      {
        "alwaysLoaded": false,
        "file": "assets/walking.png",
        "kind": "image",
        "metadata": "{\"extension\":\".png\"}",
        "name": "walking",
        "smoothed": true,
        "userAdded": true
      },
      {
        "alwaysLoaded": false,
        "file": "assets/walking2.png",
        "kind": "image",
        "metadata": "{\"extension\":\".png\"}",
        "name": "walking2",
        "smoothed": true,
        "userAdded": true
      },
      {
        "alwaysLoaded": false,
        "file": "assets/walking3.png",
        "kind": "image",
        "metadata": "{\"extension\":\".png\"}",
        "name": "walking3",
        "smoothed": true,
        "userAdded": true
      },
      {
        "alwaysLoaded": false,
        "file": "assets/character3.png",
        "kind": "image",
        "metadata": "{\"extension\":\".png\",\"localFilePath\":\"assets/character3.png\"}",
        "name": "character3",
        "smoothed": true,
        "userAdded": false
      },
      {
        "alwaysLoaded": false,
        "file": "assets/character4.png",
        "kind": "image",
        "metadata": "{\"extension\":\".png\",\"localFilePath\":\"assets/character4.png\"}",
        "name": "character4",
        "smoothed": true,
        "userAdded": false
      },
      {
        "alwaysLoaded": false,
        "file": "assets/character5.png",
        "kind": "image",
        "metadata": "{\"extension\":\".png\",\"localFilePath\":\"assets/character5.png\"}",
        "name": "character5",
        "smoothed": true,
        "userAdded": false
      },
      {
        "alwaysLoaded": false,
        "file": "assets/character6.png",
        "kind": "image",
        "metadata": "{\"extension\":\".png\",\"localFilePath\":\"assets/character6.png\"}",
        "name": "character6",
        "smoothed": true,
        "userAdded": false
      },
      {
        "file": "assets/New sound effect2.wav",
        "kind": "audio",
        "metadata": "{\"extension\":\".wav\",\"jfxr\":{\"data\":\"{\\\"_version\\\":1,\\\"_name\\\":\\\"Random 26\\\",\\\"_locked\\\":[],\\\"sampleRate\\\":44100,\\\"attack\\\":0,\\\"sustain\\\":0.3,\\\"sustainPunch\\\":60,\\\"decay\\\":0,\\\"tremoloDepth\\\":13,\\\"tremoloFrequency\\\":103,\\\"frequency\\\":600,\\\"frequencySweep\\\":-2800,\\\"frequencyDeltaSweep\\\":-5700,\\\"repeatFrequency\\\":89.4,\\\"frequencyJump1Onset\\\":33,\\\"frequencyJump1Amount\\\":0,\\\"frequencyJump2Onset\\\":66,\\\"frequencyJump2Amount\\\":0,\\\"harmonics\\\":3,\\\"harmonicsFalloff\\\":0.55,\\\"waveform\\\":\\\"triangle\\\",\\\"interpolateNoise\\\":false,\\\"vibratoDepth\\\":840,\\\"vibratoFrequency\\\":309,\\\"squareDuty\\\":50,\\\"squareDutySweep\\\":0,\\\"flangerOffset\\\":41,\\\"flangerOffsetSweep\\\":-43,\\\"bitCrush\\\":16,\\\"bitCrushSweep\\\":0,\\\"lowPassCutoff\\\":7800,\\\"lowPassCutoffSweep\\\":0,\\\"highPassCutoff\\\":6100,\\\"highPassCutoffSweep\\\":8400,\\\"compression\\\":0.9,\\\"normalization\\\":true,\\\"amplification\\\":100}\",\"name\":\"New sound effect\"}}",
        "name": "New sound effect2",
        "preloadAsMusic": false,
        "preloadAsSound": false,
        "preloadInCache": false,
        "userAdded": true
      },
      {
        "alwaysLoaded": false,
        "file": "assets/NewSprite25.png",
        "kind": "image",
        "metadata": "{\"extension\":\".png\",\"localFilePath\":\"assets/NewSprite25.png\"}",
        "name": "NewSprite25",
        "smoothed": true,
        "userAdded": true
      },
      {
        "file": "assets/smoking5.wav",
        "kind": "audio",
        "metadata": "{\"extension\":\".wav\",\"jfxr\":{\"data\":\"{\\\"_version\\\":1,\\\"_name\\\":\\\"Hit/hurt 7\\\",\\\"_locked\\\":[],\\\"sampleRate\\\":44100,\\\"attack\\\":0,\\\"sustain\\\":0.07,\\\"sustainPunch\\\":0,\\\"decay\\\":0.05,\\\"tremoloDepth\\\":0,\\\"tremoloFrequency\\\":10,\\\"frequency\\\":600,\\\"frequencySweep\\\":-300,\\\"frequencyDeltaSweep\\\":-500,\\\"repeatFrequency\\\":0,\\\"frequencyJump1Onset\\\":33,\\\"frequencyJump1Amount\\\":0,\\\"frequencyJump2Onset\\\":66,\\\"frequencyJump2Amount\\\":0,\\\"harmonics\\\":0,\\\"harmonicsFalloff\\\":0.5,\\\"waveform\\\":\\\"square\\\",\\\"interpolateNoise\\\":true,\\\"vibratoDepth\\\":0,\\\"vibratoFrequency\\\":10,\\\"squareDuty\\\":50,\\\"squareDutySweep\\\":0,\\\"flangerOffset\\\":0,\\\"flangerOffsetSweep\\\":0,\\\"bitCrush\\\":16,\\\"bitCrushSweep\\\":0,\\\"lowPassCutoff\\\":22050,\\\"lowPassCutoffSweep\\\":12900,\\\"highPassCutoff\\\":0,\\\"highPassCutoffSweep\\\":0,\\\"compression\\\":1,\\\"normalization\\\":true,\\\"amplification\\\":100}\",\"name\":\"smoking5\"},\"localFilePath\":\"assets/smoking5.wav\"}",
        "name": "smoking5",
        "preloadAsMusic": false,
        "preloadAsSound": false,
        "preloadInCache": false,
        "userAdded": true
      },
      {
        "alwaysLoaded": false,
        "file": "assets/NewSprite26.png",
        "kind": "image",
        "metadata": "{\"extension\":\".png\"}",
        "name": "NewSprite26",
        "smoothed": true,
        "userAdded": true
      },
      {
        "alwaysLoaded": false,
        "file": "assets/NewSprite27.png",
        "kind": "image",
        "metadata": "{\"extension\":\".png\"}",
        "name": "NewSprite27",
        "smoothed": true,
        "userAdded": true
      },
      {
        "alwaysLoaded": false,
        "file": "assets/NewSprite28.png",
        "kind": "image",
        "metadata": "{\"extension\":\".png\",\"localFilePath\":\"assets/NewSprite28.png\"}",
        "name": "NewSprite28",
        "smoothed": true,
        "userAdded": true
      },
      {
        "alwaysLoaded": false,
        "file": "assets/NewSprite29.png",
        "kind": "image",
        "metadata": "{\"extension\":\".png\"}",
        "name": "NewSprite29",
        "smoothed": true,
        "userAdded": true
      },
      {
        "alwaysLoaded": false,
        "file": "assets/NewSprite30.png",
        "kind": "image",
        "metadata": "{\"extension\":\".png\"}",
        "name": "NewSprite30",
        "smoothed": true,
        "userAdded": true
      },
      {
        "alwaysLoaded": false,
        "file": "assets/lit cig.png",
        "kind": "image",
        "metadata": "{\"extension\":\".png\",\"localFilePath\":\"assets/lit cig.png\"}",
        "name": "lit cig",
        "smoothed": true,
        "userAdded": false
      },
      {
        "alwaysLoaded": false,
        "file": "assets/lit cig2.png",
        "kind": "image",
        "metadata": "{\"extension\":\".png\",\"localFilePath\":\"assets/lit cig2.png\"}",
        "name": "lit cig2",
        "smoothed": true,
        "userAdded": false
      },
      {
        "alwaysLoaded": false,
        "file": "assets/lit cig3.png",
        "kind": "image",
        "metadata": "{\"extension\":\".png\",\"localFilePath\":\"assets/lit cig3.png\"}",
        "name": "lit cig3",
        "smoothed": true,
        "userAdded": false
      },
      {
        "alwaysLoaded": false,
        "file": "assets/NewSprite31.png",
        "kind": "image",
        "metadata": "{\"extension\":\".png\",\"localFilePath\":\"assets/NewSprite31.png\"}",
        "name": "NewSprite31",
        "smoothed": true,
        "userAdded": true
      },
      {
        "alwaysLoaded": false,
        "file": "assets/burnt cig.png",
        "kind": "image",
        "metadata": "{\"extension\":\".png\",\"localFilePath\":\"assets/burnt cig.png\"}",
        "name": "burnt cig",
        "smoothed": true,
        "userAdded": false
      },
      {
        "alwaysLoaded": false,
        "file": "assets/burnt cig2.png",
        "kind": "image",
        "metadata": "{\"extension\":\".png\",\"localFilePath\":\"assets/burnt cig2.png\"}",
        "name": "burnt cig2",
        "smoothed": true,
        "userAdded": false
      },
      {
        "alwaysLoaded": false,
        "file": "assets/New image2.png",
        "kind": "image",
        "metadata": "{\"extension\":\".png\",\"pskl\":{}}",
        "name": "New image2",
        "smoothed": true,
        "userAdded": true
      },
      {
        "alwaysLoaded": false,
        "file": "assets/NewSprite32.png",
        "kind": "image",
        "metadata": "{\"extension\":\".png\",\"localFilePath\":\"assets/NewSprite32.png\"}",
        "name": "NewSprite32",
        "smoothed": true,
        "userAdded": true
      },
      {
        "alwaysLoaded": false,
        "file": "assets/NewSprite33.png",
        "kind": "image",
        "metadata": "{\"extension\":\".png\"}",
        "name": "NewSprite33",
        "smoothed": true,
        "userAdded": true
      },
      {
        "file": "assets/New sound effect3.wav",
        "kind": "audio",
        "metadata": "{\"extension\":\".wav\",\"jfxr\":{\"data\":\"{\\\"_version\\\":1,\\\"_name\\\":\\\"Random 28\\\",\\\"_locked\\\":[],\\\"sampleRate\\\":44100,\\\"attack\\\":0,\\\"sustain\\\":0.04,\\\"sustainPunch\\\":80,\\\"decay\\\":0.7810376562911197,\\\"tremoloDepth\\\":61,\\\"tremoloFrequency\\\":783,\\\"frequency\\\":5100,\\\"frequencySweep\\\":8200,\\\"frequencyDeltaSweep\\\":-1500,\\\"repeatFrequency\\\":0,\\\"frequencyJump1Onset\\\":33,\\\"frequencyJump1Amount\\\":0,\\\"frequencyJump2Onset\\\":66,\\\"frequencyJump2Amount\\\":0,\\\"harmonics\\\":3,\\\"harmonicsFalloff\\\":0.65,\\\"waveform\\\":\\\"tangent\\\",\\\"interpolateNoise\\\":true,\\\"vibratoDepth\\\":0,\\\"vibratoFrequency\\\":10,\\\"squareDuty\\\":50,\\\"squareDutySweep\\\":0,\\\"flangerOffset\\\":0,\\\"flangerOffsetSweep\\\":0,\\\"bitCrush\\\":16,\\\"bitCrushSweep\\\":0,\\\"lowPassCutoff\\\":5900,\\\"lowPassCutoffSweep\\\":0,\\\"highPassCutoff\\\":8700,\\\"highPassCutoffSweep\\\":8400,\\\"compression\\\":1.5,\\\"normalization\\\":true,\\\"amplification\\\":100}\",\"name\":\"New sound effect\"}}",
        "name": "New sound effect3",
        "preloadAsMusic": false,
        "preloadAsSound": false,
        "preloadInCache": false,
        "userAdded": true
      },
      {
        "file": "assets/scare sound effect.wav",
        "kind": "audio",
        "metadata": "{\"extension\":\".wav\",\"jfxr\":{\"data\":\"{\\\"_version\\\":1,\\\"_name\\\":\\\"Random 28\\\",\\\"_locked\\\":[],\\\"sampleRate\\\":44100,\\\"attack\\\":0,\\\"sustain\\\":0.04,\\\"sustainPunch\\\":80,\\\"decay\\\":0.7810376562911197,\\\"tremoloDepth\\\":61,\\\"tremoloFrequency\\\":783,\\\"frequency\\\":5100,\\\"frequencySweep\\\":8200,\\\"frequencyDeltaSweep\\\":-1500,\\\"repeatFrequency\\\":0,\\\"frequencyJump1Onset\\\":33,\\\"frequencyJump1Amount\\\":0,\\\"frequencyJump2Onset\\\":66,\\\"frequencyJump2Amount\\\":0,\\\"harmonics\\\":3,\\\"harmonicsFalloff\\\":0.65,\\\"waveform\\\":\\\"tangent\\\",\\\"interpolateNoise\\\":true,\\\"vibratoDepth\\\":0,\\\"vibratoFrequency\\\":10,\\\"squareDuty\\\":50,\\\"squareDutySweep\\\":0,\\\"flangerOffset\\\":0,\\\"flangerOffsetSweep\\\":0,\\\"bitCrush\\\":16,\\\"bitCrushSweep\\\":0,\\\"lowPassCutoff\\\":5900,\\\"lowPassCutoffSweep\\\":0,\\\"highPassCutoff\\\":8700,\\\"highPassCutoffSweep\\\":8400,\\\"compression\\\":1.5,\\\"normalization\\\":true,\\\"amplification\\\":100}\",\"name\":\"scare sound effect\"}}",
        "name": "scare sound effect",
        "preloadAsMusic": false,
        "preloadAsSound": false,
        "preloadInCache": false,
        "userAdded": true
      },
      {
        "alwaysLoaded": false,
        "file": "assets/NewSprite34.png",
        "kind": "image",
        "metadata": "{\"extension\":\".png\"}",
        "name": "NewSprite34",
        "smoothed": true,
        "userAdded": false
      },
      {
        "alwaysLoaded": false,
        "file": "assets/up.png",
        "kind": "image",
        "metadata": "{\"extension\":\".png\",\"localFilePath\":\"assets/up.png\"}",
        "name": "up",
        "smoothed": true,
        "userAdded": true
      },
      {
        "alwaysLoaded": false,
        "file": "assets/down.png",
        "kind": "image",
        "metadata": "{\"extension\":\".png\"}",
        "name": "down",
        "smoothed": true,
        "userAdded": true
      },
      {
        "alwaysLoaded": false,
        "file": "assets/right.png",
        "kind": "image",
        "metadata": "{\"extension\":\".png\"}",
        "name": "right",
        "smoothed": true,
        "userAdded": false
      },
      {
        "alwaysLoaded": false,
        "file": "assets/left.png",
        "kind": "image",
        "metadata": "{\"extension\":\".png\",\"localFilePath\":\"assets/left.png\"}",
        "name": "left",
        "smoothed": true,
        "userAdded": true
      },
      {
        "alwaysLoaded": false,
        "file": "assets/back_button.png",
        "kind": "image",
        "metadata": "{\"extension\":\".png\"}",
        "name": "back_button",
        "smoothed": true,
        "userAdded": true
      },
      {
        "alwaysLoaded": false,
        "file": "assets/NewSprite35.png",
        "kind": "image",
        "metadata": "{\"extension\":\".png\"}",
        "name": "NewSprite35",
        "smoothed": true,
        "userAdded": true
      },
      {
        "alwaysLoaded": false,
        "file": "assets/walking4.png",
        "kind": "image",
        "metadata": "{\"extension\":\".png\"}",
        "name": "walking4",
        "smoothed": true,
        "userAdded": false
      },
      {
        "alwaysLoaded": false,
        "file": "assets/walking5.png",
        "kind": "image",
        "metadata": "{\"extension\":\".png\"}",
        "name": "walking5",
        "smoothed": true,
        "userAdded": false
      },
      {
        "alwaysLoaded": false,
        "file": "assets/walking6.png",
        "kind": "image",
        "metadata": "{\"extension\":\".png\"}",
        "name": "walking6",
        "smoothed": true,
        "userAdded": false
      },
      {
        "alwaysLoaded": false,
        "file": "assets/walking7.png",
        "kind": "image",
        "metadata": "{\"extension\":\".png\"}",
        "name": "walking7",
        "smoothed": true,
        "userAdded": false
      },
      {
        "alwaysLoaded": false,
        "file": "assets/walking8.png",
        "kind": "image",
        "metadata": "{\"extension\":\".png\"}",
        "name": "walking8",
        "smoothed": true,
        "userAdded": false
      },
      {
        "alwaysLoaded": false,
        "file": "assets/NewSprite36.png",
        "kind": "image",
        "metadata": "{\"extension\":\".png\"}",
        "name": "NewSprite36",
        "smoothed": true,
        "userAdded": false
      },
      {
        "file": "assets/smoke.wav",
        "kind": "audio",
        "metadata": "{\"extension\":\".wav\",\"jfxr\":{\"data\":\"{\\\"_version\\\":1,\\\"_name\\\":\\\"Random 44\\\",\\\"_locked\\\":[],\\\"sampleRate\\\":44100,\\\"attack\\\":0,\\\"sustain\\\":0.45735923903392894,\\\"sustainPunch\\\":0,\\\"decay\\\":0.4000557253054946,\\\"tremoloDepth\\\":81,\\\"tremoloFrequency\\\":924,\\\"frequency\\\":2300,\\\"frequencySweep\\\":9000,\\\"frequencyDeltaSweep\\\":8500,\\\"repeatFrequency\\\":89.30000000000001,\\\"frequencyJump1Onset\\\":33,\\\"frequencyJump1Amount\\\":0,\\\"frequencyJump2Onset\\\":66,\\\"frequencyJump2Amount\\\":0,\\\"harmonics\\\":0,\\\"harmonicsFalloff\\\":0.5,\\\"waveform\\\":\\\"tangent\\\",\\\"interpolateNoise\\\":true,\\\"vibratoDepth\\\":0,\\\"vibratoFrequency\\\":10,\\\"squareDuty\\\":50,\\\"squareDutySweep\\\":0,\\\"flangerOffset\\\":0,\\\"flangerOffsetSweep\\\":0,\\\"bitCrush\\\":16,\\\"bitCrushSweep\\\":0,\\\"lowPassCutoff\\\":4600,\\\"lowPassCutoffSweep\\\":0,\\\"highPassCutoff\\\":8400,\\\"highPassCutoffSweep\\\":1800,\\\"compression\\\":1,\\\"normalization\\\":true,\\\"amplification\\\":100}\",\"name\":\"smoke\"},\"localFilePath\":\"assets/smoke.wav\"}",
        "name": "smoke",
        "preloadAsMusic": false,
        "preloadAsSound": false,
        "preloadInCache": false,
        "userAdded": true
      },
      {
        "file": "assets/finish.wav",
        "kind": "audio",
        "metadata": "{\"extension\":\".wav\",\"jfxr\":{\"data\":\"{\\\"_version\\\":1,\\\"_name\\\":\\\"Laser/shoot 4\\\",\\\"_locked\\\":[],\\\"sampleRate\\\":44100,\\\"attack\\\":0,\\\"sustain\\\":0.09,\\\"sustainPunch\\\":70,\\\"decay\\\":0.05,\\\"tremoloDepth\\\":0,\\\"tremoloFrequency\\\":10,\\\"frequency\\\":700,\\\"frequencySweep\\\":-1500,\\\"frequencyDeltaSweep\\\":-1800,\\\"repeatFrequency\\\":0,\\\"frequencyJump1Onset\\\":33,\\\"frequencyJump1Amount\\\":0,\\\"frequencyJump2Onset\\\":66,\\\"frequencyJump2Amount\\\":0,\\\"harmonics\\\":0,\\\"harmonicsFalloff\\\":0.5,\\\"waveform\\\":\\\"triangle\\\",\\\"interpolateNoise\\\":true,\\\"vibratoDepth\\\":0,\\\"vibratoFrequency\\\":10,\\\"squareDuty\\\":60,\\\"squareDutySweep\\\":-85,\\\"flangerOffset\\\":0,\\\"flangerOffsetSweep\\\":0,\\\"bitCrush\\\":16,\\\"bitCrushSweep\\\":0,\\\"lowPassCutoff\\\":22050,\\\"lowPassCutoffSweep\\\":0,\\\"highPassCutoff\\\":0,\\\"highPassCutoffSweep\\\":0,\\\"compression\\\":1,\\\"normalization\\\":true,\\\"amplification\\\":100}\",\"name\":\"finish\"}}",
        "name": "finish",
        "preloadAsMusic": false,
        "preloadAsSound": false,
        "preloadInCache": false,
        "userAdded": true
      },
      {
        "file": "assets/fire.wav",
        "kind": "audio",
        "metadata": "{\"extension\":\".wav\",\"jfxr\":{\"data\":\"{\\\"_version\\\":1,\\\"_name\\\":\\\"Explosion 35\\\",\\\"_locked\\\":[],\\\"sampleRate\\\":44100,\\\"attack\\\":0,\\\"sustain\\\":0.07,\\\"sustainPunch\\\":0,\\\"decay\\\":0.48,\\\"tremoloDepth\\\":39,\\\"tremoloFrequency\\\":30,\\\"frequency\\\":4000,\\\"frequencySweep\\\":-3100,\\\"frequencyDeltaSweep\\\":-4800,\\\"repeatFrequency\\\":0,\\\"frequencyJump1Onset\\\":33,\\\"frequencyJump1Amount\\\":0,\\\"frequencyJump2Onset\\\":66,\\\"frequencyJump2Amount\\\":0,\\\"harmonics\\\":0,\\\"harmonicsFalloff\\\":0.5,\\\"waveform\\\":\\\"whitenoise\\\",\\\"interpolateNoise\\\":false,\\\"vibratoDepth\\\":0,\\\"vibratoFrequency\\\":10,\\\"squareDuty\\\":50,\\\"squareDutySweep\\\":0,\\\"flangerOffset\\\":1,\\\"flangerOffsetSweep\\\":4,\\\"bitCrush\\\":16,\\\"bitCrushSweep\\\":0,\\\"lowPassCutoff\\\":22050,\\\"lowPassCutoffSweep\\\":0,\\\"highPassCutoff\\\":0,\\\"highPassCutoffSweep\\\":0,\\\"compression\\\":1.6,\\\"normalization\\\":true,\\\"amplification\\\":100}\",\"name\":\"fire\"}}",
        "name": "fire",
        "preloadAsMusic": false,
        "preloadAsSound": false,
        "preloadInCache": false,
        "userAdded": true
      },
      {
        "file": "assets/trash.wav",
        "kind": "audio",
        "metadata": "{\"extension\":\".wav\",\"jfxr\":{\"data\":\"{\\\"_version\\\":1,\\\"_name\\\":\\\"Random 48\\\",\\\"_locked\\\":[],\\\"sampleRate\\\":44100,\\\"attack\\\":0,\\\"sustain\\\":0.33,\\\"sustainPunch\\\":30,\\\"decay\\\":0,\\\"tremoloDepth\\\":92,\\\"tremoloFrequency\\\":569,\\\"frequency\\\":8400,\\\"frequencySweep\\\":5000,\\\"frequencyDeltaSweep\\\":0,\\\"repeatFrequency\\\":0,\\\"frequencyJump1Onset\\\":33,\\\"frequencyJump1Amount\\\":0,\\\"frequencyJump2Onset\\\":66,\\\"frequencyJump2Amount\\\":0,\\\"harmonics\\\":2,\\\"harmonicsFalloff\\\":0.31,\\\"waveform\\\":\\\"breaker\\\",\\\"interpolateNoise\\\":false,\\\"vibratoDepth\\\":710,\\\"vibratoFrequency\\\":810,\\\"squareDuty\\\":50,\\\"squareDutySweep\\\":0,\\\"flangerOffset\\\":0,\\\"flangerOffsetSweep\\\":0,\\\"bitCrush\\\":16,\\\"bitCrushSweep\\\":0,\\\"lowPassCutoff\\\":3300,\\\"lowPassCutoffSweep\\\":0,\\\"highPassCutoff\\\":0,\\\"highPassCutoffSweep\\\":3800,\\\"compression\\\":1,\\\"normalization\\\":true,\\\"amplification\\\":100}\",\"name\":\"trash\"}}",
        "name": "trash",
        "preloadAsMusic": false,
        "preloadAsSound": false,
        "preloadInCache": false,
        "userAdded": true
      },
      {
        "file": "assets/main game song.wav",
        "kind": "audio",
        "metadata": "{\"extension\":\".wav\",\"jfxr\":{\"data\":\"{\\\"_version\\\":1,\\\"_name\\\":\\\"Random 51\\\",\\\"_locked\\\":[],\\\"sampleRate\\\":44100,\\\"attack\\\":0,\\\"sustain\\\":0,\\\"sustainPunch\\\":0,\\\"decay\\\":3.44,\\\"tremoloDepth\\\":51,\\\"tremoloFrequency\\\":992,\\\"frequency\\\":6000,\\\"frequencySweep\\\":-2400,\\\"frequencyDeltaSweep\\\":-3000,\\\"repeatFrequency\\\":86.10000000000001,\\\"frequencyJump1Onset\\\":33,\\\"frequencyJump1Amount\\\":0,\\\"frequencyJump2Onset\\\":66,\\\"frequencyJump2Amount\\\":0,\\\"harmonics\\\":0,\\\"harmonicsFalloff\\\":0.5,\\\"waveform\\\":\\\"brownnoise\\\",\\\"interpolateNoise\\\":true,\\\"vibratoDepth\\\":570,\\\"vibratoFrequency\\\":425,\\\"squareDuty\\\":50,\\\"squareDutySweep\\\":0,\\\"flangerOffset\\\":43,\\\"flangerOffsetSweep\\\":0,\\\"bitCrush\\\":16,\\\"bitCrushSweep\\\":0,\\\"lowPassCutoff\\\":3700,\\\"lowPassCutoffSweep\\\":0,\\\"highPassCutoff\\\":0,\\\"highPassCutoffSweep\\\":9800,\\\"compression\\\":1.3,\\\"normalization\\\":true,\\\"amplification\\\":100}\",\"name\":\"main game song\"},\"localFilePath\":\"assets/main game song.wav\"}",
        "name": "main game song",
        "preloadAsMusic": false,
        "preloadAsSound": false,
        "preloadInCache": false,
        "userAdded": true
      },
      {
        "alwaysLoaded": false,
        "file": "assets/happy.png",
        "kind": "image",
        "metadata": "{\"extension\":\".png\"}",
        "name": "happy",
        "smoothed": true,
        "userAdded": false
      },
      {
        "alwaysLoaded": false,
        "file": "assets/df8aa9b299a66dc8a7d5fdad2201e921b89609bcf3f2934c6f48f969155bbe4d_Green block.png",
        "kind": "image",
        "metadata": "{\"extension\":\".png\",\"localFilePath\":\"assets/df8aa9b299a66dc8a7d5fdad2201e921b89609bcf3f2934c6f48f969155bbe4d_Green block.png\"}",
        "name": "df8aa9b299a66dc8a7d5fdad2201e921b89609bcf3f2934c6f48f969155bbe4d_Green block",
        "smoothed": true,
        "userAdded": true
      },
      {
        "alwaysLoaded": false,
        "file": "assets/df8aa9b299a66dc8a7d5fdad2201e921b89609bcf3f2934c6f48f969155bbe4d_Green block2.png",
        "kind": "image",
        "metadata": "{\"extension\":\".png\"}",
        "name": "df8aa9b299a66dc8a7d5fdad2201e921b89609bcf3f2934c6f48f969155bbe4d_Green block2",
        "smoothed": true,
        "userAdded": true
      },
      {
        "alwaysLoaded": false,
        "file": "assets/NewSprite37.png",
        "kind": "image",
        "metadata": "{\"extension\":\".png\"}",
        "name": "NewSprite37",
        "smoothed": true,
        "userAdded": true
      },
      {
        "alwaysLoaded": false,
        "file": "assets/NewSprite38.png",
        "kind": "image",
        "metadata": "{\"extension\":\".png\"}",
        "name": "NewSprite38",
        "smoothed": true,
        "userAdded": true
      },
      {
        "alwaysLoaded": false,
        "file": "assets/New image3.png",
        "kind": "image",
        "metadata": "{\"extension\":\".png\",\"pskl\":{}}",
        "name": "New image3",
        "smoothed": true,
        "userAdded": true
      },
      {
        "alwaysLoaded": false,
        "file": "assets/NewSprite39.png",
        "kind": "image",
        "metadata": "{\"extension\":\".png\",\"localFilePath\":\"assets/NewSprite39.png\"}",
        "name": "NewSprite39",
        "smoothed": true,
        "userAdded": true
      },
      {
        "alwaysLoaded": false,
        "file": "assets/NewSprite40.png",
        "kind": "image",
        "metadata": "{\"extension\":\".png\",\"localFilePath\":\"assets/NewSprite40.png\"}",
        "name": "NewSprite40",
        "smoothed": true,
        "userAdded": true
      },
      {
        "alwaysLoaded": false,
        "file": "assets/NewSprite41.png",
        "kind": "image",
        "metadata": "{\"extension\":\".png\",\"localFilePath\":\"assets/NewSprite41.png\"}",
        "name": "NewSprite41",
        "smoothed": true,
        "userAdded": true
      },
      {
        "alwaysLoaded": false,
        "file": "assets/relief.png",
        "kind": "image",
        "metadata": "{\"extension\":\".png\",\"localFilePath\":\"assets/relief.png\"}",
        "name": "relief",
        "smoothed": true,
        "userAdded": true
      },
      {
        "alwaysLoaded": false,
        "file": "assets/relief2.png",
        "kind": "image",
        "metadata": "{\"extension\":\".png\"}",
        "name": "relief2",
        "smoothed": true,
        "userAdded": true
      },
      {
        "alwaysLoaded": false,
        "file": "assets/New image4.png",
        "kind": "image",
        "metadata": "{\"extension\":\".png\",\"pskl\":{}}",
        "name": "New image4",
        "smoothed": true,
        "userAdded": true
      },
      {
        "alwaysLoaded": false,
        "file": "assets/NewSprite42.png",
        "kind": "image",
        "metadata": "{\"extension\":\".png\"}",
        "name": "NewSprite42",
        "smoothed": true,
        "userAdded": false
      },
      {
        "alwaysLoaded": false,
        "file": "assets/walk.png",
        "kind": "image",
        "metadata": "{\"extension\":\".png\",\"localFilePath\":\"assets/walk.png\"}",
        "name": "walk",
        "smoothed": true,
        "userAdded": true
      },
      {
        "alwaysLoaded": false,
        "file": "assets/walk2.png",
        "kind": "image",
        "metadata": "{\"extension\":\".png\",\"localFilePath\":\"assets/walk2.png\"}",
        "name": "walk2",
        "smoothed": true,
        "userAdded": true
      },
      {
        "alwaysLoaded": false,
        "file": "assets/walk3.png",
        "kind": "image",
        "metadata": "{\"extension\":\".png\",\"localFilePath\":\"assets/walk3.png\"}",
        "name": "walk3",
        "smoothed": true,
        "userAdded": true
      },
      {
        "alwaysLoaded": false,
        "file": "assets/walk4.png",
        "kind": "image",
        "metadata": "{\"extension\":\".png\",\"localFilePath\":\"assets/walk4.png\"}",
        "name": "walk4",
        "smoothed": true,
        "userAdded": true
      },
      {
        "alwaysLoaded": false,
        "file": "assets/talk.png",
        "kind": "image",
        "metadata": "{\"extension\":\".png\"}",
        "name": "talk",
        "smoothed": true,
        "userAdded": false
      },
      {
        "alwaysLoaded": false,
        "file": "assets/talk2.png",
        "kind": "image",
        "metadata": "{\"extension\":\".png\"}",
        "name": "talk2",
        "smoothed": true,
        "userAdded": true
      },
      {
        "alwaysLoaded": false,
        "file": "assets/NewSprite43.png",
        "kind": "image",
        "metadata": "{\"extension\":\".png\"}",
        "name": "NewSprite43",
        "smoothed": true,
        "userAdded": true
      },
      {
        "alwaysLoaded": false,
        "file": "assets/NewSprite44.png",
        "kind": "image",
        "metadata": "{\"extension\":\".png\",\"localFilePath\":\"assets/NewSprite44.png\"}",
        "name": "NewSprite44",
        "smoothed": true,
        "userAdded": false
      },
      {
        "alwaysLoaded": false,
        "file": "assets/NewSprite45.png",
        "kind": "image",
        "metadata": "{\"extension\":\".png\"}",
        "name": "NewSprite45",
        "smoothed": true,
        "userAdded": true
      },
      {
        "alwaysLoaded": false,
        "file": "assets/NewSprite46.png",
        "kind": "image",
        "metadata": "{\"extension\":\".png\"}",
        "name": "NewSprite46",
        "smoothed": true,
        "userAdded": false
      },
      {
        "alwaysLoaded": false,
        "file": "assets/NewSprite47.png",
        "kind": "image",
        "metadata": "{\"extension\":\".png\"}",
        "name": "NewSprite47",
        "smoothed": true,
        "userAdded": true
      },
      {
        "file": "assets/New sound effect4.wav",
        "kind": "audio",
        "metadata": "{\"extension\":\".wav\",\"jfxr\":{\"data\":\"{\\\"_version\\\":1,\\\"_name\\\":\\\"Random 51\\\",\\\"_locked\\\":[],\\\"sampleRate\\\":44100,\\\"attack\\\":0,\\\"sustain\\\":0.05,\\\"sustainPunch\\\":0,\\\"decay\\\":0.29,\\\"tremoloDepth\\\":0,\\\"tremoloFrequency\\\":10,\\\"frequency\\\":1000,\\\"frequencySweep\\\":0,\\\"frequencyDeltaSweep\\\":0,\\\"repeatFrequency\\\":0,\\\"frequencyJump1Onset\\\":15,\\\"frequencyJump1Amount\\\":15,\\\"frequencyJump2Onset\\\":66,\\\"frequencyJump2Amount\\\":0,\\\"harmonics\\\":0,\\\"harmonicsFalloff\\\":0.5,\\\"waveform\\\":\\\"whistle\\\",\\\"interpolateNoise\\\":true,\\\"vibratoDepth\\\":0,\\\"vibratoFrequency\\\":10,\\\"squareDuty\\\":20,\\\"squareDutySweep\\\":75,\\\"flangerOffset\\\":0,\\\"flangerOffsetSweep\\\":0,\\\"bitCrush\\\":16,\\\"bitCrushSweep\\\":0,\\\"lowPassCutoff\\\":22050,\\\"lowPassCutoffSweep\\\":0,\\\"highPassCutoff\\\":0,\\\"highPassCutoffSweep\\\":0,\\\"compression\\\":1,\\\"normalization\\\":true,\\\"amplification\\\":100}\",\"name\":\"New sound effect4\"},\"localFilePath\":\"assets/New sound effect4.wav\"}",
        "name": "New sound effect4",
        "preloadAsMusic": false,
        "preloadAsSound": false,
        "preloadInCache": false,
        "userAdded": true
      },
      {
        "file": "assets/win.wav",
        "kind": "audio",
        "metadata": "{\"extension\":\".wav\",\"jfxr\":{\"data\":\"{\\\"_version\\\":1,\\\"_name\\\":\\\"Random 51\\\",\\\"_locked\\\":[],\\\"sampleRate\\\":44100,\\\"attack\\\":0,\\\"sustain\\\":0.09,\\\"sustainPunch\\\":0,\\\"decay\\\":0.14,\\\"tremoloDepth\\\":0,\\\"tremoloFrequency\\\":10,\\\"frequency\\\":700,\\\"frequencySweep\\\":0,\\\"frequencyDeltaSweep\\\":0,\\\"repeatFrequency\\\":0,\\\"frequencyJump1Onset\\\":30,\\\"frequencyJump1Amount\\\":15,\\\"frequencyJump2Onset\\\":30,\\\"frequencyJump2Amount\\\":55,\\\"harmonics\\\":0,\\\"harmonicsFalloff\\\":0.5,\\\"waveform\\\":\\\"sine\\\",\\\"interpolateNoise\\\":true,\\\"vibratoDepth\\\":0,\\\"vibratoFrequency\\\":10,\\\"squareDuty\\\":10,\\\"squareDutySweep\\\":25,\\\"flangerOffset\\\":1,\\\"flangerOffsetSweep\\\":-9,\\\"bitCrush\\\":16,\\\"bitCrushSweep\\\":0,\\\"lowPassCutoff\\\":22050,\\\"lowPassCutoffSweep\\\":0,\\\"highPassCutoff\\\":0,\\\"highPassCutoffSweep\\\":0,\\\"compression\\\":1,\\\"normalization\\\":true,\\\"amplification\\\":100}\",\"name\":\"win\"},\"localFilePath\":\"assets/win.wav\"}",
        "name": "win",
        "preloadAsMusic": false,
        "preloadAsSound": false,
        "preloadInCache": false,
        "userAdded": true
      },
      {
        "alwaysLoaded": false,
        "file": "assets/New image5.png",
        "kind": "image",
        "metadata": "{\"extension\":\".png\",\"pskl\":{}}",
        "name": "New image5",
        "smoothed": true,
        "userAdded": true
      },
      {
        "alwaysLoaded": false,
        "file": "assets/NewSprite48.png",
        "kind": "image",
        "metadata": "{\"extension\":\".png\"}",
        "name": "NewSprite48",
        "smoothed": true,
        "userAdded": false
      },
      {
        "alwaysLoaded": false,
        "file": "assets/NewSprite49.png",
        "kind": "image",
        "metadata": "{\"extension\":\".png\"}",
        "name": "NewSprite49",
        "smoothed": true,
        "userAdded": false
      },
      {
        "alwaysLoaded": false,
        "file": "assets/NewSprite50.png",
        "kind": "image",
        "metadata": "{\"extension\":\".png\"}",
        "name": "NewSprite50",
        "smoothed": true,
        "userAdded": false
      },
      {
        "alwaysLoaded": false,
        "file": "assets/NewSprite51.png",
        "kind": "image",
        "metadata": "{\"extension\":\".png\"}",
        "name": "NewSprite51",
        "smoothed": true,
        "userAdded": false
      },
      {
        "alwaysLoaded": false,
        "file": "assets/NewSprite52.png",
        "kind": "image",
        "metadata": "{\"extension\":\".png\"}",
        "name": "NewSprite52",
        "smoothed": true,
        "userAdded": false
      },
      {
        "alwaysLoaded": false,
        "file": "assets/ash_pile.png",
        "kind": "image",
        "metadata": "{\"extension\":\".png\"}",
        "name": "ash_pile",
        "smoothed": true,
        "userAdded": true
      },
      {
        "alwaysLoaded": false,
        "file": "assets/NewSprite53.png",
        "kind": "image",
        "metadata": "{\"extension\":\".png\"}",
        "name": "NewSprite53",
        "smoothed": true,
        "userAdded": false
      },
      {
        "alwaysLoaded": false,
        "file": "assets/NewSprite54.png",
        "kind": "image",
        "metadata": "{\"extension\":\".png\"}",
        "name": "NewSprite54",
        "smoothed": true,
        "userAdded": true
      },
      {
        "alwaysLoaded": false,
        "file": "assets/NewSprite55.png",
        "kind": "image",
        "metadata": "{\"extension\":\".png\"}",
        "name": "NewSprite55",
        "smoothed": true,
        "userAdded": true
      },
      {
        "alwaysLoaded": false,
        "file": "assets/NewSprite56.png",
        "kind": "image",
        "metadata": "{\"extension\":\".png\"}",
        "name": "NewSprite56",
        "smoothed": true,
        "userAdded": true
      },
      {
        "alwaysLoaded": false,
        "file": "assets/NewSprite57.png",
        "kind": "image",
        "metadata": "{\"extension\":\".png\"}",
        "name": "NewSprite57",
        "smoothed": true,
        "userAdded": true
      },
      {
        "alwaysLoaded": false,
        "file": "assets/wife.png",
        "kind": "image",
        "metadata": "{\"extension\":\".png\"}",
        "name": "wife",
        "smoothed": true,
        "userAdded": true
      },
      {
        "alwaysLoaded": false,
        "file": "assets/wife2.png",
        "kind": "image",
        "metadata": "{\"extension\":\".png\",\"localFilePath\":\"assets/wife2.png\"}",
        "name": "wife2",
        "smoothed": true,
        "userAdded": true
      },
      {
        "alwaysLoaded": false,
        "file": "assets/wife3.png",
        "kind": "image",
        "metadata": "{\"extension\":\".png\",\"localFilePath\":\"assets/wife3.png\"}",
        "name": "wife3",
        "smoothed": true,
        "userAdded": true
      },
      {
        "alwaysLoaded": false,
        "file": "assets/wife4.png",
        "kind": "image",
        "metadata": "{\"extension\":\".png\",\"localFilePath\":\"assets/wife4.png\"}",
        "name": "wife4",
        "smoothed": true,
        "userAdded": true
      },
      {
        "alwaysLoaded": false,
        "file": "assets/walk_hitbox.png",
        "kind": "image",
        "metadata": "{\"extension\":\".png\"}",
        "name": "walk_hitbox",
        "smoothed": true,
        "userAdded": false
      },
      {
        "alwaysLoaded": false,
        "file": "assets/NewSprite58.png",
        "kind": "image",
        "metadata": "{\"extension\":\".png\"}",
        "name": "NewSprite58",
        "smoothed": true,
        "userAdded": true
      },
      {
        "alwaysLoaded": false,
        "file": "assets/cry.png",
        "kind": "image",
        "metadata": "{\"extension\":\".png\"}",
        "name": "cry",
        "smoothed": true,
        "userAdded": false
      },
      {
        "alwaysLoaded": false,
        "file": "assets/cry2.png",
        "kind": "image",
        "metadata": "{\"extension\":\".png\"}",
        "name": "cry2",
        "smoothed": true,
        "userAdded": false
      },
      {
        "alwaysLoaded": false,
        "file": "assets/cry3.png",
        "kind": "image",
        "metadata": "{\"extension\":\".png\"}",
        "name": "cry3",
        "smoothed": true,
        "userAdded": false
      },
      {
        "alwaysLoaded": false,
        "file": "assets/walk5.png",
        "kind": "image",
        "metadata": "{\"extension\":\".png\"}",
        "name": "walk5",
        "smoothed": true,
        "userAdded": true
      },
      {
        "alwaysLoaded": false,
        "file": "assets/walk6.png",
        "kind": "image",
        "metadata": "{\"extension\":\".png\"}",
        "name": "walk6",
        "smoothed": true,
        "userAdded": true
      },
      {
        "alwaysLoaded": false,
        "file": "assets/walk7.png",
        "kind": "image",
        "metadata": "{\"extension\":\".png\"}",
        "name": "walk7",
        "smoothed": true,
        "userAdded": true
      },
      {
        "alwaysLoaded": false,
        "file": "assets/walk8.png",
        "kind": "image",
        "metadata": "{\"extension\":\".png\"}",
        "name": "walk8",
        "smoothed": true,
        "userAdded": true
      },
      {
        "alwaysLoaded": false,
        "file": "assets/cry4.png",
        "kind": "image",
        "metadata": "{\"extension\":\".png\",\"localFilePath\":\"assets/cry4.png\"}",
        "name": "cry4",
        "smoothed": true,
        "userAdded": true
      },
      {
        "alwaysLoaded": false,
        "file": "assets/cry5.png",
        "kind": "image",
        "metadata": "{\"extension\":\".png\",\"localFilePath\":\"assets/cry5.png\"}",
        "name": "cry5",
        "smoothed": true,
        "userAdded": true
      },
      {
        "alwaysLoaded": false,
        "file": "assets/cry6.png",
        "kind": "image",
        "metadata": "{\"extension\":\".png\",\"localFilePath\":\"assets/cry6.png\"}",
        "name": "cry6",
        "smoothed": true,
        "userAdded": true
      },
      {
        "alwaysLoaded": false,
        "file": "assets/NewSprite59.png",
        "kind": "image",
        "metadata": "{\"extension\":\".png\",\"localFilePath\":\"assets/NewSprite59.png\"}",
        "name": "NewSprite59",
        "smoothed": true,
        "userAdded": false
      },
      {
        "alwaysLoaded": false,
        "file": "assets/cry7.png",
        "kind": "image",
        "metadata": "{\"extension\":\".png\"}",
        "name": "cry7",
        "smoothed": true,
        "userAdded": true
      },
      {
        "alwaysLoaded": false,
        "file": "assets/cry8.png",
        "kind": "image",
        "metadata": "{\"extension\":\".png\"}",
        "name": "cry8",
        "smoothed": true,
        "userAdded": true
      },
      {
        "alwaysLoaded": false,
        "file": "assets/NewSprite60.png",
        "kind": "image",
        "metadata": "{\"extension\":\".png\"}",
        "name": "NewSprite60",
        "smoothed": true,
        "userAdded": true
      },
      {
        "alwaysLoaded": false,
        "file": "assets/NewSprite61.png",
        "kind": "image",
        "metadata": "{\"extension\":\".png\"}",
        "name": "NewSprite61",
        "smoothed": true,
        "userAdded": true
      },
      {
        "alwaysLoaded": false,
        "file": "assets/NewSprite62.png",
        "kind": "image",
        "metadata": "{\"extension\":\".png\"}",
        "name": "NewSprite62",
        "smoothed": true,
        "userAdded": true
      },
      {
        "alwaysLoaded": false,
        "file": "assets/NewSprite63.png",
        "kind": "image",
        "metadata": "{\"extension\":\".png\"}",
        "name": "NewSprite63",
        "smoothed": true,
        "userAdded": true
      },
      {
        "alwaysLoaded": false,
        "file": "assets/NewSprite64.png",
        "kind": "image",
        "metadata": "{\"extension\":\".png\"}",
        "name": "NewSprite64",
        "smoothed": true,
        "userAdded": true
      },
      {
        "alwaysLoaded": false,
        "file": "assets/NewSprite65.png",
        "kind": "image",
        "metadata": "{\"extension\":\".png\"}",
        "name": "NewSprite65",
        "smoothed": true,
        "userAdded": true
      },
      {
        "alwaysLoaded": false,
        "file": "assets/lit cig4.png",
        "kind": "image",
        "metadata": "{\"extension\":\".png\"}",
        "name": "lit cig4",
        "smoothed": true,
        "userAdded": true
      },
      {
        "alwaysLoaded": false,
        "file": "assets/NewSprite66.png",
        "kind": "image",
        "metadata": "{\"extension\":\".png\",\"localFilePath\":\"assets/NewSprite66.png\"}",
        "name": "NewSprite66",
        "smoothed": true,
        "userAdded": false
      },
      {
        "alwaysLoaded": false,
        "file": "assets/NewSprite67.png",
        "kind": "image",
        "metadata": "{\"extension\":\".png\"}",
        "name": "NewSprite67",
        "smoothed": true,
        "userAdded": false
      },
      {
        "file": "assets/Lose 1.aac",
        "kind": "audio",
        "metadata": "",
        "name": "7833b0affdd8b8dc7a876aec6788ff38c2a071f7ef6a6006aab94973ca0b217e_Lose 1.aac",
        "preloadAsMusic": false,
        "preloadAsSound": false,
        "preloadInCache": false,
        "userAdded": true,
        "origin": {
          "identifier": "https://asset-resources.gdevelop.io/public-resources/Arcade/Sound effects/Lose/7833b0affdd8b8dc7a876aec6788ff38c2a071f7ef6a6006aab94973ca0b217e_Lose 1.aac",
          "name": "gdevelop-asset-store"
        }
      },
      {
        "file": "assets/Lose 10.aac",
        "kind": "audio",
        "metadata": "",
        "name": "2c046ba3425c30917cf6dde24ffc831c778d47d0dea9721eff72517c824b2370_Lose 10.aac",
        "preloadAsMusic": false,
        "preloadAsSound": false,
        "preloadInCache": false,
        "userAdded": true,
        "origin": {
          "identifier": "https://asset-resources.gdevelop.io/public-resources/Arcade/Sound effects/Lose/2c046ba3425c30917cf6dde24ffc831c778d47d0dea9721eff72517c824b2370_Lose 10.aac",
          "name": "gdevelop-asset-store"
        }
      },
      {
        "file": "assets/lose.aac.wav",
        "kind": "audio",
        "metadata": "{\"extension\":\".wav\",\"jfxr\":{\"data\":\"{\\\"_version\\\":1,\\\"_name\\\":\\\"Random 51\\\",\\\"_locked\\\":[],\\\"sampleRate\\\":44100,\\\"attack\\\":0,\\\"sustain\\\":0.45,\\\"sustainPunch\\\":0,\\\"decay\\\":1.92,\\\"tremoloDepth\\\":0,\\\"tremoloFrequency\\\":10,\\\"frequency\\\":8200,\\\"frequencySweep\\\":5200,\\\"frequencyDeltaSweep\\\":8300,\\\"repeatFrequency\\\":95.5,\\\"frequencyJump1Onset\\\":10,\\\"frequencyJump1Amount\\\":-45,\\\"frequencyJump2Onset\\\":10,\\\"frequencyJump2Amount\\\":-70,\\\"harmonics\\\":0,\\\"harmonicsFalloff\\\":0.5,\\\"waveform\\\":\\\"pinknoise\\\",\\\"interpolateNoise\\\":true,\\\"vibratoDepth\\\":0,\\\"vibratoFrequency\\\":10,\\\"squareDuty\\\":50,\\\"squareDutySweep\\\":0,\\\"flangerOffset\\\":18,\\\"flangerOffsetSweep\\\":0,\\\"bitCrush\\\":16,\\\"bitCrushSweep\\\":0,\\\"lowPassCutoff\\\":5100,\\\"lowPassCutoffSweep\\\":0,\\\"highPassCutoff\\\":9900,\\\"highPassCutoffSweep\\\":9700,\\\"compression\\\":1,\\\"normalization\\\":true,\\\"amplification\\\":100}\",\"name\":\"lose.aac\"}}",
        "name": "lose.aac",
        "preloadAsMusic": false,
        "preloadAsSound": false,
        "preloadInCache": false,
        "userAdded": true
      },
      {
        "file": "assets/win2.wav",
        "kind": "audio",
        "metadata": "{\"extension\":\".wav\",\"jfxr\":{\"data\":\"{\\\"_version\\\":1,\\\"_name\\\":\\\"Random 51\\\",\\\"_locked\\\":[],\\\"sampleRate\\\":44100,\\\"attack\\\":0,\\\"sustain\\\":0.05,\\\"sustainPunch\\\":0,\\\"decay\\\":0.38,\\\"tremoloDepth\\\":0,\\\"tremoloFrequency\\\":10,\\\"frequency\\\":1900,\\\"frequencySweep\\\":0,\\\"frequencyDeltaSweep\\\":0,\\\"repeatFrequency\\\":0,\\\"frequencyJump1Onset\\\":33,\\\"frequencyJump1Amount\\\":0,\\\"frequencyJump2Onset\\\":66,\\\"frequencyJump2Amount\\\":0,\\\"harmonics\\\":0,\\\"harmonicsFalloff\\\":0.5,\\\"waveform\\\":\\\"sine\\\",\\\"interpolateNoise\\\":true,\\\"vibratoDepth\\\":0,\\\"vibratoFrequency\\\":10,\\\"squareDuty\\\":25,\\\"squareDutySweep\\\":-65,\\\"flangerOffset\\\":0,\\\"flangerOffsetSweep\\\":0,\\\"bitCrush\\\":16,\\\"bitCrushSweep\\\":0,\\\"lowPassCutoff\\\":22050,\\\"lowPassCutoffSweep\\\":0,\\\"highPassCutoff\\\":0,\\\"highPassCutoffSweep\\\":0,\\\"compression\\\":1,\\\"normalization\\\":true,\\\"amplification\\\":100}\",\"name\":\"win\"}}",
        "name": "win2",
        "preloadAsMusic": false,
        "preloadAsSound": false,
        "preloadInCache": false,
        "userAdded": true
      },
      {
        "file": "assets/win3.wav",
        "kind": "audio",
        "metadata": "{\"extension\":\".wav\",\"jfxr\":{\"data\":\"{\\\"_version\\\":1,\\\"_name\\\":\\\"Random 51\\\",\\\"_locked\\\":[],\\\"sampleRate\\\":44100,\\\"attack\\\":0,\\\"sustain\\\":0.7263275620364307,\\\"sustainPunch\\\":90,\\\"decay\\\":0.11,\\\"tremoloDepth\\\":0,\\\"tremoloFrequency\\\":10,\\\"frequency\\\":395.274610014996,\\\"frequencySweep\\\":400,\\\"frequencyDeltaSweep\\\":1400,\\\"repeatFrequency\\\":6.7,\\\"frequencyJump1Onset\\\":33,\\\"frequencyJump1Amount\\\":0,\\\"frequencyJump2Onset\\\":66,\\\"frequencyJump2Amount\\\":0,\\\"harmonics\\\":0,\\\"harmonicsFalloff\\\":0.5,\\\"waveform\\\":\\\"breaker\\\",\\\"interpolateNoise\\\":true,\\\"vibratoDepth\\\":0,\\\"vibratoFrequency\\\":10,\\\"squareDuty\\\":35,\\\"squareDutySweep\\\":-10,\\\"flangerOffset\\\":0,\\\"flangerOffsetSweep\\\":0,\\\"bitCrush\\\":16,\\\"bitCrushSweep\\\":0,\\\"lowPassCutoff\\\":22050,\\\"lowPassCutoffSweep\\\":0,\\\"highPassCutoff\\\":0,\\\"highPassCutoffSweep\\\":0,\\\"compression\\\":1,\\\"normalization\\\":true,\\\"amplification\\\":100}\",\"name\":\"win3\"},\"localFilePath\":\"assets/win3.wav\"}",
        "name": "win3",
        "preloadAsMusic": false,
        "preloadAsSound": false,
        "preloadInCache": false,
        "userAdded": true
      },
      {
        "alwaysLoaded": false,
        "file": "assets/character7.png",
        "kind": "image",
        "metadata": "{\"extension\":\".png\"}",
        "name": "character7",
        "smoothed": true,
        "userAdded": true
      },
      {
        "alwaysLoaded": false,
        "file": "assets/character8.png",
        "kind": "image",
        "metadata": "{\"extension\":\".png\"}",
        "name": "character8",
        "smoothed": true,
        "userAdded": true
      },
      {
        "alwaysLoaded": false,
        "file": "assets/character9.png",
        "kind": "image",
        "metadata": "{\"extension\":\".png\"}",
        "name": "character9",
        "smoothed": true,
        "userAdded": true
      },
      {
        "alwaysLoaded": false,
        "file": "assets/smoking6.png",
        "kind": "image",
        "metadata": "{\"extension\":\".png\"}",
        "name": "smoking6",
        "smoothed": true,
        "userAdded": true
      },
      {
        "alwaysLoaded": false,
        "file": "assets/smoking7.png",
        "kind": "image",
        "metadata": "{\"extension\":\".png\"}",
        "name": "smoking7",
        "smoothed": true,
        "userAdded": true
      },
      {
        "alwaysLoaded": false,
        "file": "assets/smoking8.png",
        "kind": "image",
        "metadata": "{\"extension\":\".png\"}",
        "name": "smoking8",
        "smoothed": true,
        "userAdded": true
      },
      {
        "alwaysLoaded": false,
        "file": "assets/smoking9.png",
        "kind": "image",
        "metadata": "{\"extension\":\".png\"}",
        "name": "smoking9",
        "smoothed": true,
        "userAdded": true
      },
      {
        "alwaysLoaded": false,
        "file": "assets/smoking10.png",
        "kind": "image",
        "metadata": "{\"extension\":\".png\"}",
        "name": "smoking10",
        "smoothed": true,
        "userAdded": true
      },
      {
        "alwaysLoaded": false,
        "file": "assets/smoking11.png",
        "kind": "image",
        "metadata": "{\"extension\":\".png\"}",
        "name": "smoking11",
        "smoothed": true,
        "userAdded": true
      },
      {
        "alwaysLoaded": false,
        "file": "assets/scare2.png",
        "kind": "image",
        "metadata": "{\"extension\":\".png\"}",
        "name": "scare2",
        "smoothed": true,
        "userAdded": true
      }
    ],
    "resourceFolders": []
  },
  "objects": [],
  "objectsFolderStructure": {
    "folderName": "__ROOT"
  },
  "objectsGroups": [],
  "variables": [],
  "layouts": [
    {
      "__REFERENCE_TO_SPLIT_OBJECT": true,
      "referenceTo": "/layouts/main-scene"
    },
    {
      "__REFERENCE_TO_SPLIT_OBJECT": true,
      "referenceTo": "/layouts/cutscene"
    },
    {
      "__REFERENCE_TO_SPLIT_OBJECT": true,
      "referenceTo": "/layouts/start-scene"
    },
    {
      "__REFERENCE_TO_SPLIT_OBJECT": true,
      "referenceTo": "/layouts/good-ending"
    },
    {
      "__REFERENCE_TO_SPLIT_OBJECT": true,
      "referenceTo": "/layouts/bad-ending"
    }
  ],
  "externalEvents": [],
  "eventsFunctionsExtensions": [],
  "externalLayouts": [],
  "externalSourceFiles": []
}