{
  "firstLayout": "",
  "gdVersion": {
    "build": 99,
    "major": 4,
    "minor": 0,
    "revision": 0
  },
  "properties": {
    "adaptGameResolutionAtRuntime": true,
    "antialiasingMode": "MSAA",
    "antialisingEnabledOnMobile": false,
    "folderProject": true,
    "orientation": "landscape",
    "packageName": "com.example.gamename",
    "pixelsRounding": false,
    "projectUuid": "2d06d2d5-fdf5-447c-baac-443c9f086b3a",
    "scaleMode": "linear",
    "sizeOnStartupMode": "adaptWidth",
    "templateSlug": "",
    "useExternalSourceFiles": false,
    "version": "1.0.0",
    "name": "Graphical Game",
    "description": "Sweep up all of the trash and put them into the garbage can. Use the arrow keys to move!",
    "author": "",
    "windowWidth": 1280,
    "windowHeight": 720,
    "latestCompilationDirectory": "",
    "maxFPS": 60,
    "minFPS": 20,
    "verticalSync": false,
    "platformSpecificAssets": {},
    "loadingScreen": {
      "backgroundColor": 0,
      "backgroundFadeInDuration": 0.2,
      "backgroundImageResourceName": "",
      "gdevelopLogoStyle": "light",
      "logoAndProgressFadeInDuration": 0.2,
      "logoAndProgressLogoFadeInDelay": 0.2,
      "minDuration": 1.5,
      "progressBarColor": 16777215,
      "progressBarHeight": 20,
      "progressBarMaxWidth": 200,
      "progressBarMinWidth": 40,
      "progressBarWidthPercent": 30,
      "showGDevelopSplash": true,
      "showProgressBar": true
    },
    "watermark": {
      "placement": "bottom-left",
      "showWatermark": true
    },
    "authorIds": [],
    "authorUsernames": [],
    "categories": [],
    "playableDevices": [],
    "extensionProperties": [],
    "platforms": [
      {
        "name": "GDevelop JS platform"
      }
    ],
    "currentPlatform": "GDevelop JS platform"
  },
  "resources": {
    "resources": [
      {
        "alwaysLoaded": false,
        "file": "assets/Ranger_Idle 1_1.png",
        "kind": "image",
        "metadata": "",
        "name": "626c7c40a891e1937060e1f67eeef95ebddff810a5d54838945eeae36e305837_Ranger_Idle 1_1.png",
        "smoothed": true,
        "userAdded": false,
        "origin": {
          "identifier": "https://asset-resources.gdevelop.io/public-resources/Brawler Series/NES/626c7c40a891e1937060e1f67eeef95ebddff810a5d54838945eeae36e305837_Ranger_Idle 1_1.png",
          "name": "gdevelop-asset-store"
        }
      },
      {
        "alwaysLoaded": false,
        "file": "assets/Ranger_Idle 1_2.png",
        "kind": "image",
        "metadata": "",
        "name": "b7b692ac5645eb15dfebf0c16c84a649ffa261b21b25ce2f4b8b721411f029f3_Ranger_Idle 1_2.png",
        "smoothed": true,
        "userAdded": true,
        "origin": {
          "identifier": "https://asset-resources.gdevelop.io/public-resources/Brawler Series/NES/b7b692ac5645eb15dfebf0c16c84a649ffa261b21b25ce2f4b8b721411f029f3_Ranger_Idle 1_2.png",
          "name": "gdevelop-asset-store"
        }
      },
      {
        "alwaysLoaded": false,
        "file": "assets/NewSprite.png",
        "kind": "image",
        "metadata": "{\"extension\":\".png\",\"localFilePath\":\"assets/NewSprite.png\"}",
        "name": "NewSprite",
        "smoothed": true,
        "userAdded": false
      },
      {
        "alwaysLoaded": false,
        "file": "assets/Delivery Truck.png",
        "kind": "image",
        "metadata": "",
        "name": "2a86f0380e1211abe1576f08708f42300085767fcc87d365d41a407d814688d9_Delivery Truck.png",
        "smoothed": true,
        "userAdded": true,
        "origin": {
          "identifier": "https://asset-resources.gdevelop.io/public-resources/Pixel Vehicle Pack/Vehicles/Truck/2a86f0380e1211abe1576f08708f42300085767fcc87d365d41a407d814688d9_Delivery Truck.png",
          "name": "gdevelop-asset-store"
        }
      },
      {
        "alwaysLoaded": false,
        "file": "assets/9patch_Wood Hud_north.png",
        "kind": "image",
        "metadata": "",
        "name": "464f0b9985a2527b9567f4d0da11ee0360672c19664de0367c0f67c9f43743db_9patch_Wood Hud_north.png",
        "smoothed": true,
        "userAdded": true,
        "origin": {
          "identifier": "https://asset-resources.gdevelop.io/public-resources/Western FPS 2D/Hud/464f0b9985a2527b9567f4d0da11ee0360672c19664de0367c0f67c9f43743db_9patch_Wood Hud_north.png",
          "name": "gdevelop-asset-store"
        }
      },
      {
        "alwaysLoaded": false,
        "file": "assets/Icon Background_Dark Wood.png",
        "kind": "image",
        "metadata": "",
        "name": "74288ffdafa8785eae1d2f9aea454acea55352176be25ffc927d5d6eee31972f_Icon Background_Dark Wood.png",
        "smoothed": true,
        "userAdded": false,
        "origin": {
          "identifier": "https://asset-resources.gdevelop.io/public-resources/32x32 Fantasy Icons Pack v2/Icon Background/74288ffdafa8785eae1d2f9aea454acea55352176be25ffc927d5d6eee31972f_Icon Background_Dark Wood.png",
          "name": "gdevelop-asset-store"
        }
      },
      {
        "alwaysLoaded": false,
        "file": "assets/NewSprite2.png",
        "kind": "image",
        "metadata": "{\"extension\":\".png\"}",
        "name": "NewSprite2",
        "smoothed": true,
        "userAdded": true
      },
      {
        "alwaysLoaded": false,
        "file": "assets/lit cigarette.png",
        "kind": "image",
        "metadata": "{\"extension\":\".png\",\"localFilePath\":\"assets/lit cigarette.png\"}",
        "name": "lit cigarette",
        "smoothed": true,
        "userAdded": true
      },
      {
        "alwaysLoaded": false,
        "file": "assets/lit cigarette2.png",
        "kind": "image",
        "metadata": "{\"extension\":\".png\"}",
        "name": "lit cigarette2",
        "smoothed": true,
        "userAdded": true
      },
      {
        "file": "assets/Charm-Regular.ttf",
        "kind": "font",
        "metadata": "",
        "name": "668523d3d2bb73faa358e1ebafa55f43d2760f8abbe99aa15476121c1bcc7eb6_Charm-Regular.ttf",
        "userAdded": true,
        "origin": {
          "identifier": "https://asset-resources.gdevelop.io/public-resources/Menu buttons/668523d3d2bb73faa358e1ebafa55f43d2760f8abbe99aa15476121c1bcc7eb6_Charm-Regular.ttf",
          "name": "gdevelop-asset-store"
        }
      },
      {
        "file": "assets/Ranchers-Regular.ttf",
        "kind": "font",
        "metadata": "",
        "name": "566a014b24b13d8f73118f13a7105778225c22c95127a8f1d5c3e996ff0768de_Ranchers-Regular.ttf",
        "userAdded": false,
        "origin": {
          "identifier": "https://asset-resources.gdevelop.io/public-resources/Open Font License/566a014b24b13d8f73118f13a7105778225c22c95127a8f1d5c3e996ff0768de_Ranchers-Regular.ttf",
          "name": "gdevelop-asset-store"
        }
      },
      {
        "file": "digital-7.ttf",
        "kind": "font",
        "metadata": "",
        "name": "digital-7.ttf",
        "userAdded": false
      },
      {
        "alwaysLoaded": false,
        "file": "assets/Green block.png",
        "kind": "image",
        "metadata": "",
        "name": "df8aa9b299a66dc8a7d5fdad2201e921b89609bcf3f2934c6f48f969155bbe4d_Green block.png",
        "smoothed": true,
        "userAdded": false,
        "origin": {
          "identifier": "https://asset-resources.gdevelop.io/public-resources/Industrial Platformer Pack (110 assets)/PNG/Retina/df8aa9b299a66dc8a7d5fdad2201e921b89609bcf3f2934c6f48f969155bbe4d_Green block.png",
          "name": "gdevelop-asset-store"
        }
      },
      {
        "alwaysLoaded": false,
        "file": "assets/burnt cigarette.png",
        "kind": "image",
        "metadata": "{\"extension\":\".png\",\"localFilePath\":\"assets/burnt cigarette.png\"}",
        "name": "burnt cigarette",
        "smoothed": true,
        "userAdded": true
      },
      {
        "alwaysLoaded": false,
        "file": "assets/burnt.png",
        "kind": "image",
        "metadata": "{\"extension\":\".png\"}",
        "name": "burnt",
        "smoothed": true,
        "userAdded": false
      },
      {
        "alwaysLoaded": false,
        "file": "assets/NewSprite3.png",
        "kind": "image",
        "metadata": "{\"extension\":\".png\"}",
        "name": "NewSprite3",
        "smoothed": true,
        "userAdded": true
      },
      {
        "alwaysLoaded": false,
        "file": "assets/NewSprite4.png",
        "kind": "image",
        "metadata": "{\"extension\":\".png\",\"localFilePath\":\"assets/NewSprite4.png\"}",
        "name": "NewSprite4",
        "smoothed": true,
        "userAdded": true
      },
      {
        "alwaysLoaded": false,
        "file": "assets/half full.png",
        "kind": "image",
        "metadata": "{\"extension\":\".png\"}",
        "name": "half full",
        "smoothed": true,
        "userAdded": true
      },
      {
        "alwaysLoaded": false,
        "file": "assets/half full2.png",
        "kind": "image",
        "metadata": "{\"extension\":\".png\"}",
        "name": "half full2",
        "smoothed": true,
        "userAdded": true
      },
      {
        "alwaysLoaded": false,
        "file": "assets/half full3.png",
        "kind": "image",
        "metadata": "{\"extension\":\".png\"}",
        "name": "half full3",
        "smoothed": true,
        "userAdded": true
      },
      {
        "alwaysLoaded": false,
        "file": "assets/full.png",
        "kind": "image",
        "metadata": "{\"extension\":\".png\",\"localFilePath\":\"assets/full.png\"}",
        "name": "full",
        "smoothed": true,
        "userAdded": true
      },
      {
        "alwaysLoaded": false,
        "file": "assets/full2.png",
        "kind": "image",
        "metadata": "{\"extension\":\".png\"}",
        "name": "full2",
        "smoothed": true,
        "userAdded": true
      },
      {
        "alwaysLoaded": false,
        "file": "assets/idle.png",
        "kind": "image",
        "metadata": "{\"extension\":\".png\",\"localFilePath\":\"assets/idle.png\"}",
        "name": "idle",
        "smoothed": true,
        "userAdded": true
      },
      {
        "file": "assets/BerkshireSwash-Regular.ttf",
        "kind": "font",
        "metadata": "",
        "name": "68a5dc0db819d176c1744185164579a9b7c4231b6386d9e1e0966e520f850fcc_BerkshireSwash-Regular.ttf",
        "userAdded": true,
        "origin": {
          "identifier": "https://asset-resources.gdevelop.io/public-resources/Open Font License/68a5dc0db819d176c1744185164579a9b7c4231b6386d9e1e0966e520f850fcc_BerkshireSwash-Regular.ttf",
          "name": "gdevelop-asset-store"
        }
      },
      {
        "alwaysLoaded": false,
        "file": "assets/idle2.png",
        "kind": "image",
        "metadata": "{\"extension\":\".png\"}",
        "name": "idle2",
        "smoothed": true,
        "userAdded": false
      },
      {
        "alwaysLoaded": false,
        "file": "assets/NewSprite5.png",
        "kind": "image",
        "metadata": "{\"extension\":\".png\"}",
        "name": "NewSprite5",
        "smoothed": true,
        "userAdded": false
      },
      {
        "alwaysLoaded": false,
        "file": "assets/NewSprite6.png",
        "kind": "image",
        "metadata": "{\"extension\":\".png\"}",
        "name": "NewSprite6",
        "smoothed": true,
        "userAdded": false
      },
      {
        "alwaysLoaded": false,
        "file": "assets/character.png",
        "kind": "image",
        "metadata": "{\"extension\":\".png\",\"localFilePath\":\"assets/character.png\"}",
        "name": "character",
        "smoothed": true,
        "userAdded": false
      },
      {
        "alwaysLoaded": false,
        "file": "assets/New image.png",
        "kind": "image",
        "metadata": "{\"extension\":\".png\",\"pskl\":{},\"localFilePath\":\"assets/New image.png\"}",
        "name": "New image",
        "smoothed": true,
        "userAdded": true
      },
      {
        "alwaysLoaded": false,
        "file": "assets/Icon Background_Wood.png",
        "kind": "image",
        "metadata": "",
        "name": "70d79b102342faacf75e05d9e47d317522e070b5d55b0be8ccf90ee3ff5e09b4_Icon Background_Wood.png",
        "smoothed": true,
        "userAdded": true,
        "origin": {
          "identifier": "https://asset-resources.gdevelop.io/public-resources/32x32 Fantasy Icons Pack v2/Icon Background/70d79b102342faacf75e05d9e47d317522e070b5d55b0be8ccf90ee3ff5e09b4_Icon Background_Wood.png",
          "name": "gdevelop-asset-store"
        }
      },
      {
        "file": "assets/Sound 7.aac",
        "kind": "audio",
        "metadata": "",
        "name": "3816335cb845d8f0e43630964d049ace2507f39e08aec0bb89068eeaece2e7da_Sound 7.aac",
        "preloadAsMusic": false,
        "preloadAsSound": false,
        "preloadInCache": false,
        "userAdded": true,
        "origin": {
          "identifier": "https://asset-resources.gdevelop.io/public-resources/Space Shooter by Pixel boy/Sound/3816335cb845d8f0e43630964d049ace2507f39e08aec0bb89068eeaece2e7da_Sound 7.aac",
          "name": "gdevelop-asset-store"
        }
      },
      {
        "file": "assets/13 - under the hill and down the drain (remixed and fixed version).aac",
        "kind": "audio",
        "metadata": "",
        "name": "261339d844e74e9efe1ef03416ec2c5ca12cf61bea62d0b828d9112f6c12811b_13 - under the hill and down the drain (remixed and fixed version).aac",
        "preloadAsMusic": false,
        "preloadAsSound": false,
        "preloadInCache": false,
        "userAdded": true,
        "origin": {
          "identifier": "https://asset-resources.gdevelop.io/public-resources/Ragnar Random/Fakebit Chiptune Music/261339d844e74e9efe1ef03416ec2c5ca12cf61bea62d0b828d9112f6c12811b_13 - under the hill and down the drain (remixed and fixed version).aac",
          "name": "gdevelop-asset-store"
        }
      },
      {
        "file": "assets/Hit 3.aac",
        "kind": "audio",
        "metadata": "",
        "name": "088e0b9d13d953fab6044c64cde8aa941c06c904ccf7dc9fe5f6bc4f62fd558f_Hit 3.aac",
        "preloadAsMusic": false,
        "preloadAsSound": false,
        "preloadInCache": false,
        "userAdded": true,
        "origin": {
          "identifier": "https://asset-resources.gdevelop.io/public-resources/Arcade/Sound effects/Hit/088e0b9d13d953fab6044c64cde8aa941c06c904ccf7dc9fe5f6bc4f62fd558f_Hit 3.aac",
          "name": "gdevelop-asset-store"
        }
      },
      {
        "file": "assets/Coins 6.aac",
        "kind": "audio",
        "metadata": "",
        "name": "982e7b54cdd141371ad82b0ab7ce659f5b4b7ca6eb1f87c895d4da99d3f98ce2_Coins 6.aac",
        "preloadAsMusic": false,
        "preloadAsSound": false,
        "preloadInCache": false,
        "userAdded": true,
        "origin": {
          "identifier": "https://asset-resources.gdevelop.io/public-resources/Arcade/Sound effects/Coins/982e7b54cdd141371ad82b0ab7ce659f5b4b7ca6eb1f87c895d4da99d3f98ce2_Coins 6.aac",
          "name": "gdevelop-asset-store"
        }
      },
      {
        "file": "assets/New sound effect.wav",
        "kind": "audio",
        "metadata": "{\"extension\":\".wav\",\"jfxr\":{\"data\":\"{\\\"_version\\\":1,\\\"_name\\\":\\\"Pickup/coin 14\\\",\\\"_locked\\\":[],\\\"sampleRate\\\":44100,\\\"attack\\\":0,\\\"sustain\\\":0.04,\\\"sustainPunch\\\":0,\\\"decay\\\":0.09,\\\"tremoloDepth\\\":0,\\\"tremoloFrequency\\\":10,\\\"frequency\\\":190.21574743612985,\\\"frequencySweep\\\":0,\\\"frequencyDeltaSweep\\\":0,\\\"repeatFrequency\\\":0,\\\"frequencyJump1Onset\\\":15,\\\"frequencyJump1Amount\\\":80,\\\"frequencyJump2Onset\\\":66,\\\"frequencyJump2Amount\\\":0,\\\"harmonics\\\":0,\\\"harmonicsFalloff\\\":0.5,\\\"waveform\\\":\\\"sine\\\",\\\"interpolateNoise\\\":true,\\\"vibratoDepth\\\":0,\\\"vibratoFrequency\\\":10,\\\"squareDuty\\\":85,\\\"squareDutySweep\\\":-10,\\\"flangerOffset\\\":0,\\\"flangerOffsetSweep\\\":0,\\\"bitCrush\\\":16,\\\"bitCrushSweep\\\":0,\\\"lowPassCutoff\\\":22050,\\\"lowPassCutoffSweep\\\":0,\\\"highPassCutoff\\\":0,\\\"highPassCutoffSweep\\\":0,\\\"compression\\\":1,\\\"normalization\\\":true,\\\"amplification\\\":100}\",\"name\":\"New sound effect\"}}",
        "name": "New sound effect",
        "preloadAsMusic": false,
        "preloadAsSound": false,
        "preloadInCache": false,
        "userAdded": true
      }
    ],
    "resourceFolders": []
  },
  "objects": [],
  "objectsFolderStructure": {
    "folderName": "__ROOT"
  },
  "objectsGroups": [],
  "variables": [],
  "layouts": [
    {
      "__REFERENCE_TO_SPLIT_OBJECT": true,
      "referenceTo": "/layouts/untitled-scene"
    }
  ],
  "externalEvents": [],
  "eventsFunctionsExtensions": [],
  "externalLayouts": [],
  "externalSourceFiles": []
}